ID,ACT composite score,SAT total score,Ethnicity,Gender,parental level of education,parental income,high school gpa,college gpa,years to graduate,Employment Status
STU2022-A157,22,1625,Hispanic,Female,high school,40999,3,3.1,7,Self-Employed
STU2022-A158,29,2090,Asian,Male,associate's degree,75817,4,3.4,5,Employed
STU2022-A159,30,2188,White,Female,bachelor's degree,82888,4,3.9,3,Employed
STU2022-A160,33,2151,Asian,Female,associate's degree,93518,4,3.7,5,Self-Employed
STU2022-A161,29,2050,White,Female,associate's degree,79153,4,3.4,6,Self-Employed
STU2022-A162,28,1976,White,Female,master's degree,100048,3.8,3.5,4,Self-Employed
STU2022-A163,29,2097,Asian,Male,some college,46883,4,3.4,6,Employed
STU2022-A164,30,1976,Asian,Female,some college,67379,3.7,3.4,5,Employed
STU2022-A165,27,2072,Other,Female,bachelor's degree,102424,3.9,3.9,3.9,Higher Studies
STU2022-A166,32,2246,Hispanic,Female,bachelor's degree,56793,4,3.6,3,Self-Employed
STU2022-A167,28,1956,Black,Female,associate's degree,66110,3.6,3.4,5,Employed
STU2022-A168,28,2006,Black,Male,some high school,56590,3.7,3.1,5,Higher Studies
STU2022-A169,25,1868,Other,Male,bachelor's degree,87574,3.4,3.1,5,Employed
STU2022-A170,27,1955,Other,Male,some college,75111,3.4,3.3,6,Employed
STU2022-A171,27,1873,Other,Male,bachelor's degree,93342,3.5,3.7,3,Higher Studies
STU2022-A172,31,2029,Black,Female,high school,47947,4,4,4,Employed
STU2022-A173,25,1779,Asian,Male,associate's degree,77493,3.3,3.3,7,Higher Studies
STU2022-A174,31,2110,Black,Female,some college,65866,4,3.5,4,Employed
STU2022-A175,27,1996,Asian,Female,high school,45824,3.6,3.1,6,Self-Employed
STU2022-A176,31,2156,White,Female,bachelor's degree,74254,4,3.4,6,Employed
STU2022-A177,33,2234,White,Female,high school,71657,4,3.9,3,Employed
STU2022-A178,24,1824,Other,Female,associate's degree,72319,3.3,3.2,6,Self-Employed
STU2022-A179,26,1810,Hispanic,Female,some college,81527,3.4,3.2,5,Higher Studies
STU2022-A180,26,1914,Black,Male,some college,64410,3.6,3.5,3,Employed
STU2022-A181,25,1866,Black,Male,some college,63514,3.3,3.4,7,Employed
STU2022-A182,28,1928,White,Male,high school,54938,3.6,3.3,4,Employed
STU2022-A183,25,1842,Hispanic,Male,high school,72810,3.3,3.3,4,Self-Employed
STU2022-A184,26,1846,Black,Male,associate's degree,77274,3.5,3.3,4,Self-Employed
STU2022-A185,24,1800,Other,Female,some high school,62857,3.3,3.2,4,Employed
STU2022-A186,28,1952,Black,Male,bachelor's degree,59674,3.7,3.1,4,Higher Studies
STU2022-A187,30,2080,Black,Male,master's degree,96140,4,3.9,4,Higher Studies
STU2022-A188,26,1784,Black,Female,some college,68573,3.2,3.3,4,Employed
STU2022-A189,29,1913,White,Female,some college,75011,3.6,3.3,4,Employed
STU2022-A190,31,2101,Asian,Female,master's degree,75001,4,3.6,4,Employed
STU2022-A191,31,2028,Asian,Male,high school,55451,3.9,3.2,5,Employed
STU2022-A192,24,1707,White,Male,some college,65352,3.2,2.9,5,Self-Employed
STU2022-A193,27,1951,Other,Male,associate's degree,51677,3.8,3.2,4,Employed
STU2022-A194,28,2042,Hispanic,Female,some college,79886,3.9,3.3,4,Employed
STU2022-A195,28,1898,Asian,Female,high school,54004,3.5,3.3,4,Employed
STU2022-A196,32,2109,Asian,Female,some college,67094,4,3.4,4,Employed
STU2022-A197,29,2031,Black,Male,master's degree,106538,3.7,3.3,6,Self-Employed
STU2022-A198,27,1935,Other,Male,some college,62701,3.7,3.4,4,Self-Employed
STU2022-A199,24,1849,Hispanic,Male,some high school,57021,3.3,3.2,5,Self-Employed
STU2022-A200,24,1828,Black,Male,associate's degree,70581,3.3,3.1,6,Higher Studies
STU2022-A201,32,2121,White,Male,some college,50679,4,3.1,5,Employed
STU2022-A202,28,1956,Hispanic,Female,associate's degree,63320,3.6,3,5,Higher Studies
STU2022-A203,29,2068,Black,Female,master's degree,69164,4,3.6,4,Employed
STU2022-A204,25,1801,Asian,Female,some college,57119,3.3,3.5,5,Employed
STU2022-A205,24,1760,Other,Female,some college,78288,3.2,3.4,3,Self-Employed
STU2022-A206,32,2275,Asian,Female,master's degree,104758,4,4,3,Self-Employed
STU2022-A207,30,2129,Asian,Male,bachelor's degree,100085,4,3.4,4,Self-Employed
STU2022-A208,27,1855,Asian,Female,associate's degree,99168,3.3,3.1,5,Employed
STU2022-A209,26,1966,Other,Male,some college,89016,3.6,3.4,7,Higher Studies
STU2022-A210,28,2080,Black,Male,bachelor's degree,70882,3.9,3.3,4,Employed
STU2022-A211,31,2123,Asian,Female,some college,79271,4,3.8,5,Self-Employed
STU2022-A212,31,2229,Hispanic,Male,bachelor's degree,78379,4,3.5,6,Self-Employed
STU2022-A213,22,1717,Hispanic,Female,high school,30058,3,2.9,9,Employed
STU2022-A214,26,1868,Asian,Male,some high school,61856,3.6,3.2,4,Self-Employed
STU2022-A215,32,2208,Asian,Female,bachelor's degree,98261,4,3.9,3,Employed
STU2022-A216,31,2054,White,Female,some college,80375,3.9,3.2,5,Self-Employed
STU2022-A217,27,1807,White,Male,some high school,59362,3.2,3.1,4,Self-Employed
STU2022-A218,27,1991,White,Male,some college,68616,3.7,3.7,3,Higher Studies
STU2022-A219,29,1874,White,Female,some high school,32290,3.7,3.2,6,Employed
STU2022-A220,33,2194,Hispanic,Male,associate's degree,75808,4,3.2,5,Higher Studies
STU2022-A221,29,1947,Hispanic,Female,some college,81062,3.7,3.3,8,Self-Employed
STU2022-A222,23,1641,White,Male,some high school,46539,2.9,3.1,5,Self-Employed
STU2022-A223,25,1835,Hispanic,Male,some high school,71287,3.5,3.1,9,Self-Employed
STU2022-A224,24,1878,Black,Female,high school,32558,3.2,3.1,7,Employed
STU2022-A225,31,2096,Hispanic,Male,associate's degree,85614,4,3.6,5,Self-Employed
STU2022-A226,26,1905,Other,Male,some college,77822,3.6,3.4,6,Employed
STU2022-A227,29,2049,Hispanic,Male,some college,54889,3.8,3.5,5,Employed
STU2022-A228,28,2085,Hispanic,Male,associate's degree,56238,3.9,3.3,5,Self-Employed
STU2022-A229,30,2069,Black,Male,associate's degree,57088,3.9,3.5,6,Employed
STU2022-A230,29,1974,Black,Female,some high school,45734,3.7,3.1,6,Self-Employed
STU2022-A231,27,1697,Asian,Male,high school,61105,3.2,3.4,4,Self-Employed
STU2022-A232,30,2003,Asian,Male,high school,37407,3.9,3.2,5,Higher Studies
STU2022-A233,32,2154,Hispanic,Male,bachelor's degree,97216,4,3.5,4,Employed
STU2022-A234,31,2303,Asian,Male,bachelor's degree,71074,4,3.7,3,Higher Studies
STU2022-A235,29,2018,White,Male,high school,65630,3.8,3.3,7,Higher Studies
STU2022-A236,28,1942,Hispanic,Male,high school,73605,3.5,3.4,4,Self-Employed
STU2022-A237,35,2294,Black,Male,bachelor's degree,82854,4,3.5,5,Self-Employed
STU2022-A238,28,1981,Other,Female,some college,55058,3.8,3.5,3,Employed
STU2022-A239,26,1823,White,Male,some high school,50215,3.2,3.1,4,Higher Studies
STU2022-A240,34,2309,White,Male,associate's degree,82318,4,3.7,5,Higher Studies
STU2022-A241,29,1878,Asian,Female,some college,59498,3.6,3.5,3,Self-Employed
STU2022-A242,31,2003,Other,Male,high school,57031,3.9,3.2,5,Employed
STU2022-A243,25,1839,Hispanic,Female,high school,40535,3.3,3.3,5,Employed
STU2022-A244,27,1965,Hispanic,Female,some high school,64972,3.6,3.3,5,Self-Employed
STU2022-A245,31,2111,White,Male,some high school,42677,4,3.4,6,Self-Employed
STU2022-A246,29,1960,Hispanic,Male,high school,41021,3.7,3.5,5,Employed
STU2022-A247,26,1775,White,Male,some college,57070,3.4,3.4,3,Self-Employed
STU2022-A248,26,2027,Black,Male,associate's degree,75587,3.8,3.5,4,Employed
STU2022-A249,29,2213,Hispanic,Male,master's degree,62673,4,3.3,4,Employed
STU2022-A250,28,1920,Asian,Female,associate's degree,91846,3.6,3,5,Employed
STU2022-A251,29,2069,Other,Male,some college,98439,3.8,3.8,3,Self-Employed
STU2022-A252,30,2014,Asian,Female,high school,67978,3.8,3.6,6,Higher Studies
STU2022-A253,25,1776,Hispanic,Female,high school,69155,3.1,2.8,5,Employed
STU2022-A254,24,1822,Asian,Male,associate's degree,51659,3.5,3,9,Employed
STU2022-A255,29,2014,Asian,Male,master's degree,64132,3.9,3.3,4,Employed
STU2022-A256,29,2000,Asian,Female,some college,81137,3.7,3.4,4,Higher Studies
STU2022-A257,28,1957,White,Female,some high school,56604,3.6,3.3,6,Higher Studies
STU2022-A258,29,2142,Hispanic,Female,master's degree,54409,3.9,3.6,3,Self-Employed
STU2022-A259,27,2024,White,Male,bachelor's degree,82740,3.7,3.3,4,Self-Employed
STU2022-A260,34,2330,Hispanic,Female,bachelor's degree,80162,4,3.6,6,Employed
STU2022-A261,28,1964,Asian,Male,some college,66886,3.8,3.4,4,Employed
STU2022-A262,29,1973,Asian,Male,associate's degree,63686,3.7,3.5,4,Employed
STU2022-A263,31,2145,Other,Female,master's degree,76637,4,3.2,6,Higher Studies
STU2022-A264,28,2047,Asian,Female,bachelor's degree,111565,3.9,3.7,6,Employed
STU2022-A265,32,2138,White,Female,high school,51710,4,3.4,4,Employed
STU2022-A266,29,1984,Asian,Male,some high school,70655,3.8,3.5,4,Employed
STU2022-A267,34,2330,Black,Female,some college,69850,4,3.6,6,Higher Studies
STU2022-A268,31,2062,White,Female,associate's degree,60588,4,3.3,4,Self-Employed
STU2022-A269,28,2026,Asian,Female,master's degree,80678,3.9,3.3,7,Self-Employed
STU2022-A270,29,2081,Hispanic,Male,bachelor's degree,69070,4,3.3,4,Self-Employed
STU2022-A271,24,1794,Hispanic,Female,some college,63960,3.4,3.5,3,Employed
STU2022-A272,30,2108,Asian,Female,master's degree,101757,4,3.4,5,Higher Studies
STU2022-A273,27,1856,Other,Female,high school,58081,3.4,3.3,6,Employed
STU2022-A274,27,1802,Asian,Female,some high school,52986,3.4,3.5,7,Higher Studies
STU2022-A275,28,2014,Hispanic,Female,bachelor's degree,70446,3.8,3.2,5,Employed
STU2022-A276,28,2079,Asian,Female,master's degree,96811,4,3.3,7,Self-Employed
STU2022-A277,30,1997,Black,Female,some high school,65028,3.8,3.5,6,Employed
STU2022-A278,23,1710,Asian,Female,some college,74896,3.1,3.4,6,Employed
STU2022-A279,31,2067,White,Male,associate's degree,85063,4,3.8,3,Employed
STU2022-A280,32,2050,Hispanic,Female,some high school,30030,3.9,3.1,6,Employed
STU2022-A281,30,2099,Hispanic,Female,associate's degree,70238,4,3.6,7,Employed
STU2022-A282,25,1746,Other,Female,high school,62617,3.2,3.4,4,Higher Studies
STU2022-A283,28,1961,Asian,Female,associate's degree,92044,3.7,3.2,7,Employed
STU2022-A284,31,2086,White,Female,some college,79089,3.9,3.7,5,Self-Employed
STU2022-A285,34,2327,Asian,Female,master's degree,85855,4,3.5,4,Employed
STU2022-A286,32,2083,Black,Female,associate's degree,53867,4,3.2,6,Self-Employed
STU2022-A287,33,2354,Asian,Male,associate's degree,67698,4,3.7,4,Self-Employed
STU2022-A288,31,2007,Black,Male,some college,76363,4,3.4,7,Employed
STU2022-A289,32,2098,Other,Male,some high school,58011,3.9,3.3,4,Self-Employed
STU2022-A290,28,2067,Asian,Female,associate's degree,90774,3.8,3.7,3,Self-Employed
STU2022-A291,22,1662,Asian,Male,some high school,51744,2.9,2.7,5,Self-Employed
STU2022-A292,23,1664,Asian,Female,high school,79157,2.9,3.6,3,Higher Studies
STU2022-A293,28,2038,Black,Male,associate's degree,71289,3.7,3.7,5,Higher Studies
STU2022-A294,31,2111,Asian,Male,some high school,63644,4,3.3,4,Employed
STU2022-A295,31,2000,Other,Female,high school,40613,3.9,3.2,6,Self-Employed
STU2022-A296,32,2183,Hispanic,Male,some college,64874,4,3.4,6,Higher Studies
STU2022-A297,30,2077,White,Male,high school,46431,3.9,3.1,6,Employed
STU2022-A298,29,2060,Black,Female,high school,63017,3.9,3.6,5,Employed
STU2022-A299,28,2064,Other,Female,bachelor's degree,85687,3.9,3.8,5,Higher Studies
STU2022-A300,30,1988,White,Male,bachelor's degree,100312,3.9,3.5,4,Employed
STU2022-A301,27,1878,Asian,Male,some college,53253,3.6,3.1,8,Employed
STU2022-A302,28,1843,Hispanic,Female,some high school,50083,3.5,3.1,6,Higher Studies
STU2022-A303,28,1901,Asian,Female,high school,68974,3.4,3.4,8,Higher Studies
STU2022-A304,26,1940,Hispanic,Male,some college,80435,3.5,3,8,Self-Employed
STU2022-A305,29,2011,Asian,Male,associate's degree,61318,3.8,3,7,Higher Studies
STU2022-A306,28,1928,Hispanic,Female,some high school,65130,3.5,3.6,3,Self-Employed
STU2022-A307,33,2207,Other,Female,some college,63092,4,3.4,4,Higher Studies
STU2022-A308,23,1724,Other,Male,some high school,54818,3,3.3,3,Employed
STU2022-A309,29,1970,Black,Male,some high school,76065,3.7,3.3,5,Self-Employed
STU2022-A310,28,1924,Other,Female,some high school,25052,3.5,3.4,6,Self-Employed
STU2022-A311,33,2301,Other,Female,master's degree,85959,4,3.4,6,Self-Employed
STU2022-A312,30,2177,Black,Female,some college,59979,4,3.3,4,Employed
STU2022-A313,33,2191,Black,Female,some college,67834,4,3.6,4,Employed
STU2022-A314,26,1775,White,Male,some college,74739,3.4,3.1,8,Employed
STU2022-A315,28,2082,White,Male,some college,75206,3.9,3.1,5,Self-Employed
STU2022-A316,26,1891,White,Female,associate's degree,84455,3.3,3.3,5,Higher Studies
STU2022-A317,26,1873,Black,Male,high school,63728,3.4,3.5,3,Employed
STU2022-A318,31,2068,Other,Male,associate's degree,70007,4,3.2,6,Self-Employed
STU2022-A319,28,1979,Asian,Male,high school,50078,3.6,3.6,3,Higher Studies
STU2022-A320,28,1888,Hispanic,Male,some college,80294,3.7,3.4,4,Employed
STU2022-A321,29,2163,Other,Female,bachelor's degree,111580,4,3.6,7,Higher Studies
STU2022-A322,30,1981,Other,Female,high school,52113,3.7,3.4,5,Higher Studies
STU2022-A323,31,2066,White,Male,master's degree,86211,3.9,3.5,4,Self-Employed
STU2022-A324,27,1876,Hispanic,Male,high school,69239,3.4,3.6,5,Self-Employed
STU2022-A325,25,1786,Asian,Female,high school,51917,3.3,3.1,4,Self-Employed
STU2022-A326,29,2071,White,Male,some college,87462,3.9,3.5,5,Self-Employed
STU2022-A327,28,2043,Black,Male,some high school,75790,3.7,3.5,4,Employed
STU2022-A328,29,1966,Other,Female,associate's degree,79421,3.7,3.6,4,Self-Employed
STU2022-A329,26,1745,Other,Male,high school,58652,3.2,3.3,4,Employed
STU2022-A330,33,2157,White,Female,some college,46162,4,3.3,5,Employed
STU2022-A331,31,2180,Asian,Male,master's degree,93940,4,3.5,5,Employed
STU2022-A332,28,1912,Asian,Male,high school,64039,3.6,3.4,6,Employed
STU2022-A333,31,2049,Asian,Male,associate's degree,80808,3.9,3.8,4,Higher Studies
STU2022-A334,25,1880,Other,Male,some college,34272,3.5,3.3,7,Higher Studies
STU2022-A335,26,1777,Asian,Male,high school,62391,3.2,3.2,5,Self-Employed
STU2022-A336,31,2051,Asian,Female,bachelor's degree,81731,4,3.6,4,Higher Studies
STU2022-A337,33,2153,Black,Female,associate's degree,74855,4,3.5,5,Employed
STU2022-A338,24,1772,Asian,Male,some high school,45746,3.3,3,5,Employed
STU2022-A339,27,1982,Black,Female,some college,57364,3.6,3.2,4,Employed
STU2022-A340,31,2191,Hispanic,Male,master's degree,96879,4,3.7,4,Higher Studies
STU2022-A341,26,1884,Asian,Male,some high school,46347,3.5,3.3,6,Employed
STU2022-A342,28,1965,Hispanic,Male,high school,70179,3.5,3,8,Higher Studies
STU2022-A343,26,1922,Black,Female,high school,52687,3.5,3.3,4,Higher Studies
STU2022-A344,26,1851,Other,Female,some college,56543,3.4,3.5,3,Higher Studies
STU2022-A345,28,1759,Other,Female,high school,84265,3.3,3.3,4,Employed
STU2022-A346,32,2148,Black,Female,bachelor's degree,112865,4,3.8,4,Higher Studies
STU2022-A347,28,1895,Asian,Female,some high school,32357,3.7,3.2,5,Higher Studies
STU2022-A348,26,1955,Hispanic,Male,some college,82047,3.7,3.6,3,Self-Employed
STU2022-A349,27,1976,Other,Female,some high school,66320,3.8,3.7,3,Higher Studies
STU2022-A350,22,1738,Asian,Male,some college,89734,3.1,3.1,5,Employed
STU2022-A351,32,2188,White,Male,some college,88846,4,3.7,5,Employed
STU2022-A352,28,1993,Hispanic,Male,master's degree,83385,3.6,3.4,7,Self-Employed
STU2022-A353,30,2079,Hispanic,Male,master's degree,91867,4,3.8,3,Higher Studies
STU2022-A354,28,2028,Black,Male,some college,46390,3.8,3.4,6,Higher Studies
STU2022-A355,30,2001,White,Male,some college,87667,3.8,3.5,5,Employed
STU2022-A356,27,1881,Other,Female,high school,50248,3.4,3.1,4,Employed
STU2022-A357,27,1897,Black,Male,some college,70152,3.6,3.6,3,Self-Employed
STU2022-A358,31,2133,Other,Male,some college,72536,4,3.2,5,Employed
STU2022-A359,27,1859,White,Male,some college,83756,3.4,2.9,5,Self-Employed
STU2022-A360,31,2031,Hispanic,Female,associate's degree,54082,4,3.7,6,Self-Employed
STU2022-A361,30,2101,Hispanic,Male,bachelor's degree,71340,4,3.1,8,Self-Employed
STU2022-A362,26,1921,Black,Female,high school,89368,3.4,3.4,4,Employed
STU2022-A363,30,2167,Other,Female,bachelor's degree,72606,4,3.8,6,Employed
STU2022-A364,29,1906,Black,Female,some high school,59743,3.7,3.3,8,Higher Studies
STU2022-A365,31,2106,Asian,Female,master's degree,76544,4,3.2,5,Self-Employed
STU2022-A366,27,1894,Asian,Male,some college,65880,3.6,3.3,4,Employed
STU2022-A367,31,2158,White,Female,some high school,22191,4,3.4,6,Self-Employed
STU2022-A368,28,1941,Black,Male,some college,73652,3.6,3.4,5,Higher Studies
STU2022-A369,33,2078,Other,Female,some college,59329,4,3.3,4,Higher Studies
STU2022-A370,31,2105,Black,Female,some high school,41372,4,3.3,6,Employed
STU2022-A371,28,1925,Other,Male,some high school,55335,3.6,3.5,3,Employed
STU2022-A372,26,1892,White,Female,high school,68167,3.4,3.2,7,Higher Studies
STU2022-A373,24,1799,Hispanic,Male,some high school,50326,3.2,3.2,4,Employed
STU2022-A374,31,2214,Asian,Female,some college,75645,4,3.8,3,Employed
STU2022-A375,27,2024,White,Male,some college,61769,3.8,3.3,5,Higher Studies
STU2022-A376,26,1954,Black,Male,high school,43384,3.5,3.3,5,Employed
STU2022-A377,28,1928,Hispanic,Female,associate's degree,94921,3.6,3.6,6,Employed
STU2022-A378,27,1918,White,Male,high school,64682,3.5,3.6,3,Self-Employed
STU2022-A379,25,1772,Other,Female,high school,49063,3.1,3,5,Employed
STU2022-A380,27,1961,Hispanic,Male,some high school,32992,3.6,3.3,5,Higher Studies
STU2022-A381,30,2105,Black,Female,master's degree,96412,3.9,3.6,4,Higher Studies
STU2022-A382,27,1823,White,Female,high school,60404,3.3,3.4,8,Higher Studies
STU2022-A383,34,2211,Hispanic,Female,some college,72022,4,3.5,4,Self-Employed
STU2022-A384,30,2079,Black,Female,high school,46946,3.8,3.4,5,Higher Studies
STU2022-A385,22,1715,White,Female,some high school,83495,3,3.1,4,Employed
STU2022-A386,27,1933,Other,Female,high school,52021,3.5,3.3,5,Higher Studies
STU2022-A387,30,2106,Hispanic,Male,some high school,51653,3.9,3.6,3,Higher Studies
STU2022-A388,29,2091,Other,Female,some college,51426,3.9,3.7,4,Self-Employed
STU2022-A389,27,1894,White,Female,bachelor's degree,88103,3.5,3,6,Self-Employed
STU2022-A390,27,1909,White,Female,some high school,49781,3.6,3.2,5,Self-Employed
STU2022-A391,26,1898,Other,Male,associate's degree,63890,3.4,3.3,4,Higher Studies
STU2022-A392,25,1707,Black,Female,some high school,72767,3.2,3.4,6,Self-Employed
STU2022-A393,28,2062,Hispanic,Female,associate's degree,87492,4,3.8,3,Higher Studies
STU2022-A394,30,2015,Black,Male,high school,70737,3.9,3.8,4,Employed
STU2022-A395,29,2021,Asian,Male,high school,60404,3.9,3.6,4,Employed
STU2022-A396,23,1749,Black,Female,high school,55410,2.9,3,4,Employed
STU2022-A397,21,1640,Black,Female,some high school,54847,2.8,3.4,3,Employed
STU2022-A398,31,2000,White,Female,some high school,49405,3.8,3.3,5,Employed
STU2022-A399,27,1903,Other,Female,high school,53437,3.6,3.4,4,Higher Studies
STU2022-A400,25,1882,Asian,Male,some college,71828,3.3,3.2,8,Employed
STU2022-A401,30,2105,Black,Female,bachelor's degree,84698,4,3.8,3,Employed
STU2022-A402,31,1989,Hispanic,Female,some college,68788,3.8,3.4,4,Self-Employed
STU2022-A403,29,1937,Asian,Male,some high school,75042,3.6,3.2,5,Higher Studies
STU2022-A404,32,2139,Asian,Male,bachelor's degree,103774,4,4,3,Self-Employed
STU2022-A405,25,1747,White,Male,some college,74725,3.2,3.2,5,Higher Studies
STU2022-A406,34,2172,Asian,Male,master's degree,115112,4,3.9,4,Higher Studies
STU2022-A407,27,1926,Hispanic,Male,high school,68447,3.5,3.3,5,Self-Employed
STU2022-A408,26,1941,Other,Male,some high school,35481,3.6,3.1,5,Self-Employed
STU2022-A409,25,1850,White,Male,some college,54880,3.4,3.1,4,Higher Studies
STU2022-A410,28,1924,Other,Female,some college,76989,3.7,3.3,4,Higher Studies
STU2022-A411,30,2101,Asian,Male,bachelor's degree,71120,4,3.3,5,Employed
STU2022-A412,25,1763,Hispanic,Female,some high school,56887,3.2,3.3,4,Self-Employed
STU2022-A413,32,2156,White,Male,associate's degree,104360,4,4,3,Employed
STU2022-A414,32,2279,Other,Male,bachelor's degree,65650,4,3.3,5,Higher Studies
STU2022-A415,29,1993,Other,Female,high school,61607,3.7,3.4,4,Employed
STU2022-A416,29,2073,Asian,Male,bachelor's degree,86205,4,3.5,5,Employed
STU2022-A417,26,1833,Other,Female,high school,61853,3.4,3.4,6,Self-Employed
STU2022-A418,23,1811,Hispanic,Female,high school,53721,3.1,3.3,3,Self-Employed
STU2022-A419,26,1951,Other,Female,high school,52750,3.6,3.1,5,Employed
STU2022-A420,31,2174,Asian,Female,bachelor's degree,67851,4,3.4,4,Self-Employed
STU2022-A421,25,1856,Asian,Male,associate's degree,84679,3.3,3.3,5,Self-Employed
STU2022-A422,28,2004,Other,Female,high school,31889,3.6,3.3,5,Employed
STU2022-A423,28,2109,Asian,Male,master's degree,94346,3.8,3.4,4,Higher Studies
STU2022-A424,31,1985,Black,Female,some high school,72416,3.9,3.4,4,Self-Employed
STU2022-A425,31,2114,White,Female,bachelor's degree,70412,4,3.2,5,Self-Employed
STU2022-A426,28,1958,Other,Female,some high school,49516,3.7,3.3,6,Self-Employed
STU2022-A427,29,2042,Black,Female,bachelor's degree,113597,4,3.8,3,Employed
STU2022-A428,29,2001,Hispanic,Male,bachelor's degree,65737,3.7,3.5,4,Self-Employed
STU2022-A429,29,2031,Other,Female,some college,81633,4,3.4,7,Higher Studies
STU2022-A430,27,1857,Black,Female,associate's degree,58164,3.4,3.3,6,Higher Studies
STU2022-A431,29,1965,Hispanic,Female,some college,72052,3.5,3.2,4,Higher Studies
STU2022-A432,32,2049,Black,Male,high school,79015,4,3.9,3,Self-Employed
STU2022-A433,30,2038,Other,Female,master's degree,68861,3.9,3.3,6,Self-Employed
STU2022-A434,24,1840,Other,Female,some college,69606,3.2,3.1,5,Employed
STU2022-A435,26,1779,Asian,Female,some college,66114,3.4,3.1,5,Higher Studies
STU2022-A436,28,1954,Hispanic,Male,some high school,22892,3.7,3.3,6,Higher Studies
STU2022-A437,30,2024,White,Male,high school,41464,3.9,3.2,6,Self-Employed
STU2022-A438,25,1812,Other,Male,some high school,46645,3.3,3.3,4,Self-Employed
STU2022-A439,24,1788,Hispanic,Male,some college,68691,3.2,3,6,Employed
STU2022-A440,29,1988,Black,Male,some college,88421,3.8,3.2,6,Employed
STU2022-A441,27,2076,White,Female,bachelor's degree,70671,4,3,5,Employed
STU2022-A442,27,1863,Hispanic,Female,associate's degree,70826,3.5,3.4,4,Higher Studies
STU2022-A443,30,2189,Asian,Male,bachelor's degree,102665,4,3.9,3,Employed
STU2022-A444,35,2278,Other,Male,associate's degree,93446,4,3.8,5,Higher Studies
STU2022-A445,29,2009,Asian,Female,bachelor's degree,111894,3.7,3.4,4,Employed
STU2022-A446,30,2063,Other,Male,high school,46029,3.9,3.4,6,Self-Employed
STU2022-A447,26,1958,White,Female,some college,54810,3.6,3.3,6,Employed
STU2022-A448,35,2296,Black,Female,master's degree,83525,4,3.8,4,Self-Employed
STU2022-A449,27,1991,White,Female,master's degree,89224,3.7,3.6,3,Higher Studies
STU2022-A450,31,2087,Hispanic,Female,associate's degree,71209,4,3.8,7,Employed
STU2022-A451,29,1997,White,Female,associate's degree,51380,3.7,3.4,3,Employed
STU2022-A452,29,2074,Black,Female,high school,39310,3.8,3.1,6,Employed
STU2022-A453,26,1835,Hispanic,Female,high school,67736,3.3,3.5,3,Employed
STU2022-A454,28,1999,Black,Female,bachelor's degree,107502,3.9,3.8,3,Higher Studies
STU2022-A455,28,1893,White,Female,high school,30293,3.4,3.2,7,Self-Employed
STU2022-A456,30,2171,Asian,Male,bachelor's degree,77054,4,3.5,8,Employed
STU2022-A457,31,2115,Black,Female,bachelor's degree,100889,4,3.7,4,Employed
STU2022-A458,25,1816,Black,Female,bachelor's degree,92063,3.4,3,5,Self-Employed
STU2022-A459,29,2048,Black,Female,some college,70458,3.8,3.4,4,Employed
STU2022-A460,32,2047,Hispanic,Male,associate's degree,90475,4,3.7,4,Employed
STU2022-A461,30,1967,Asian,Male,some high school,24122,3.7,3.3,8,Employed
STU2022-A462,30,1970,Other,Female,high school,48860,3.8,3.5,4,Employed
STU2022-A463,29,2010,Black,Male,associate's degree,72982,3.7,3.6,3,Employed
STU2022-A464,30,1943,Asian,Male,high school,56933,3.6,3.5,3,Employed
STU2022-A465,34,2296,White,Female,master's degree,61254,4,3.7,4,Employed
STU2022-A466,29,1966,Black,Male,high school,66154,3.5,3.4,4,Employed
STU2022-A467,27,2014,White,Female,associate's degree,53131,3.7,3.5,3,Higher Studies
STU2022-A468,25,1729,Black,Male,some high school,22697,3.1,3,5,Higher Studies
STU2022-A469,28,1833,White,Female,bachelor's degree,111333,3.5,3.3,7,Employed
STU2022-A470,27,1986,Black,Male,some college,49942,3.6,3.6,4,Employed
STU2022-A471,25,1819,Black,Female,some high school,28525,3.2,3,5,Higher Studies
STU2022-A472,25,1778,Black,Male,some college,81119,3.3,3.2,4,Employed
STU2022-A473,29,1917,Other,Female,high school,46412,3.7,3.5,4,Employed
STU2022-A474,33,2266,Other,Female,some college,95279,4,3.6,5,Higher Studies
STU2022-A475,29,2023,Other,Female,associate's degree,88770,3.8,3.7,3,Employed
STU2022-A476,24,1781,Other,Female,some college,72460,3.3,3.1,7,Employed
STU2022-A477,28,1932,White,Female,high school,32585,3.6,3.1,7,Self-Employed
STU2022-A478,29,2003,Other,Male,some high school,66611,3.8,3.4,6,Employed
STU2022-A479,31,2125,Black,Male,bachelor's degree,92900,4,3.2,5,Higher Studies
STU2022-A480,27,1899,White,Female,some high school,73054,3.5,3.4,4,Higher Studies
STU2022-A481,28,1945,Asian,Female,bachelor's degree,91741,3.8,3.5,4,Employed
STU2022-A482,28,1883,White,Female,some high school,56567,3.5,3.5,3,Self-Employed
STU2022-A483,28,1927,White,Male,associate's degree,82803,3.5,3.6,3,Higher Studies
STU2022-A484,29,1964,Other,Female,high school,76164,3.6,3.3,4,Employed
STU2022-A485,28,1979,Asian,Female,associate's degree,82767,3.8,3.6,4,Employed
STU2022-A486,28,1995,Asian,Female,some high school,45634,3.7,3.2,5,Self-Employed
STU2022-A487,27,1949,White,Female,some high school,30833,3.6,3.4,4,Self-Employed
STU2022-A488,26,1763,Asian,Female,high school,38095,3.3,3.3,8,Self-Employed
STU2022-A489,28,2024,Hispanic,Male,some high school,71050,3.8,3.3,6,Self-Employed
STU2022-A490,34,2234,Asian,Female,high school,41676,4,3.4,9,Self-Employed
STU2022-A491,27,1809,Hispanic,Female,some college,52098,3.3,3,9,Employed
STU2022-A492,35,2278,Hispanic,Female,associate's degree,103101,4,3.9,4,Higher Studies
STU2022-A493,31,2162,Asian,Male,some college,92781,4,3.7,4,Employed
STU2022-A494,27,1979,Asian,Female,some high school,69626,3.7,3.5,4,Higher Studies
STU2022-A495,28,1987,Asian,Male,some high school,68928,3.7,3.4,6,Employed
STU2022-A496,34,2308,Hispanic,Female,master's degree,108832,4,3.9,4,Employed
STU2022-A497,29,2026,Hispanic,Female,associate's degree,101966,3.7,3.5,5,Higher Studies
STU2022-A498,32,2186,Black,Female,some college,54361,4,3.5,4,Self-Employed
STU2022-A499,29,2118,Other,Female,some high school,32963,3.9,3.1,7,Higher Studies
STU2022-A500,33,2110,Black,Female,high school,70819,4,3.8,3,Employed
STU2022-A501,32,2037,Black,Male,high school,84231,3.9,3.5,6,Employed
STU2022-A502,29,2034,Other,Male,associate's degree,58720,4,3.6,5,Employed
STU2022-A503,26,1883,White,Female,associate's degree,57927,3.5,3.4,4,Employed
STU2022-A504,26,1830,White,Female,high school,33668,3.5,3.5,4,Employed
STU2022-A505,29,2080,Hispanic,Female,master's degree,89541,4,3.7,3,Higher Studies
STU2022-A506,29,2021,Asian,Male,some high school,33392,3.8,3.5,4,Employed
STU2022-A507,28,2136,Asian,Male,bachelor's degree,80213,4,3.4,4,Employed
STU2022-A508,25,1831,Hispanic,Female,bachelor's degree,74145,3.4,3.2,4,Employed
STU2022-A509,26,1975,Hispanic,Male,some high school,37441,3.5,2.9,6,Employed
STU2022-A510,35,2265,Black,Female,associate's degree,79530,4,3.7,7,Employed
STU2022-A511,26,1963,White,Female,master's degree,89885,3.5,3.2,4,Higher Studies
STU2022-A512,32,2251,White,Male,bachelor's degree,90652,4,3.8,5,Employed
STU2022-A513,28,1928,Asian,Male,high school,79511,3.7,3.7,3,Higher Studies
STU2022-A514,24,1801,Black,Male,some college,84588,3.3,3.2,4,Self-Employed
STU2022-A515,30,2033,Hispanic,Male,bachelor's degree,78168,3.8,3.5,5,Self-Employed
STU2022-A516,32,2134,Asian,Male,master's degree,101832,4,3.6,4,Self-Employed
STU2022-A517,29,1984,White,Male,some high school,54859,3.8,3.6,5,Higher Studies
STU2022-A518,23,1750,Other,Male,some high school,45059,3.1,2.9,6,Employed
STU2022-A519,27,1909,White,Male,some college,50764,3.5,3.2,6,Employed
STU2022-A520,29,1985,White,Female,associate's degree,83925,3.6,3.5,6,Employed
STU2022-A521,29,2086,Asian,Female,bachelor's degree,82881,4,3.2,5,Higher Studies
STU2022-A522,27,1896,Hispanic,Male,some college,71634,3.5,3.2,4,Employed
STU2022-A523,34,2358,Asian,Female,associate's degree,83577,4,3.6,4,Self-Employed
STU2022-A524,28,2097,White,Male,master's degree,124470,3.9,3.6,7,Higher Studies
STU2022-A525,28,1988,Other,Female,some college,57703,3.8,3.3,4,Self-Employed
STU2022-A526,28,2078,White,Female,some college,91873,3.9,3.5,5,Employed
STU2022-A527,27,1884,Other,Male,some high school,22932,3.6,3,5,Self-Employed
STU2022-A528,25,1892,White,Male,bachelor's degree,72725,3.4,3.3,4,Employed
STU2022-A529,27,1973,Hispanic,Male,some college,82813,3.5,3.3,4,Employed
STU2022-A530,28,2064,Asian,Female,some college,70783,3.8,3.5,4,Employed
STU2022-A531,27,1882,Black,Female,associate's degree,67599,3.5,3.3,4,Employed
STU2022-A532,30,2055,Black,Female,some college,84318,4,3.5,4,Higher Studies
STU2022-A533,34,2142,Black,Male,some high school,32371,4,3.5,5,Higher Studies
STU2022-A534,27,1950,Other,Female,high school,89155,3.5,3.2,7,Higher Studies
STU2022-A535,30,2204,Black,Male,some college,85745,4,3.4,6,Higher Studies
STU2022-A536,29,2056,Hispanic,Female,some high school,45521,3.8,3.2,5,Employed
STU2022-A537,27,1873,Asian,Male,some college,86540,3.5,3.3,5,Self-Employed
STU2022-A538,26,1919,Hispanic,Male,some high school,63216,3.5,3.5,4,Employed
STU2022-A539,33,2198,Other,Male,bachelor's degree,107353,4,3.6,5,Employed
STU2022-A540,27,1989,Other,Male,bachelor's degree,71910,3.8,3.5,3,Employed
STU2022-A541,26,1882,Asian,Female,some high school,55525,3.4,3.1,5,Employed
STU2022-A542,32,2090,White,Female,bachelor's degree,94402,4,3.7,3,Employed
STU2022-A543,27,1895,Other,Male,high school,56359,3.6,3.3,4,Employed
STU2022-A544,25,1708,Asian,Female,some college,47134,3.2,3,5,Employed
STU2022-A545,28,1933,Asian,Male,high school,44433,3.7,3.1,8,Employed
STU2022-A546,31,2178,Hispanic,Male,high school,63953,4,3.6,4,Self-Employed
STU2022-A547,23,1772,Hispanic,Female,some college,62215,3.2,3.3,3,Self-Employed
STU2022-A548,28,1976,White,Male,high school,44273,3.7,3.4,5,Employed
STU2022-A549,30,2046,Hispanic,Male,high school,61291,3.8,3.5,4,Higher Studies
STU2022-A550,29,1972,Asian,Female,some high school,57891,3.8,3.4,4,Employed
STU2022-A551,30,2014,Asian,Female,associate's degree,57454,4,3.1,6,Employed
STU2022-A552,31,2180,Asian,Male,bachelor's degree,54502,4,3.3,4,Self-Employed
STU2022-A553,34,2342,Other,Male,bachelor's degree,98469,4,3.3,5,Self-Employed
STU2022-A554,35,2290,Other,Female,bachelor's degree,70541,4,3.9,6,Higher Studies
STU2022-A555,24,1715,Black,Female,associate's degree,82959,3,3.1,5,Employed
STU2022-A556,29,1952,Other,Female,some college,70871,3.7,3.5,4,Self-Employed
STU2022-A557,31,2106,White,Male,high school,57191,4,3,7,Higher Studies
STU2022-A558,29,2018,Other,Female,some high school,52651,3.9,3.4,6,Higher Studies
STU2022-A559,25,1856,Other,Female,some college,76085,3.5,3.6,3,Employed
STU2022-A560,29,2101,Asian,Female,associate's degree,39594,3.9,3.5,4,Employed
STU2022-A561,31,2152,Black,Male,associate's degree,88339,4,3.4,7,Employed
STU2022-A562,33,2217,Black,Female,some college,79005,4,3.5,4,Higher Studies
STU2022-A563,32,2077,Other,Male,high school,62571,4,3.2,5,Higher Studies
STU2022-A564,30,2138,Asian,Female,some college,78231,4,3.5,4,Higher Studies
STU2022-A565,31,2138,Other,Male,bachelor's degree,69281,4,3.2,5,Self-Employed
STU2022-A566,27,1875,White,Female,some high school,39808,3.5,3.3,5,Higher Studies
STU2022-A567,29,1967,Black,Male,associate's degree,76076,3.8,3.6,6,Higher Studies
STU2022-A568,28,1945,White,Female,high school,59708,3.4,3.6,5,Self-Employed
STU2022-A569,29,2124,Black,Female,some college,92570,4,3.5,6,Employed
STU2022-A570,27,1800,Hispanic,Male,high school,55685,3.4,3,5,Employed
STU2022-A571,29,1956,Hispanic,Male,bachelor's degree,84773,3.7,3.3,7,Higher Studies
STU2022-A572,29,2059,Other,Female,bachelor's degree,66884,3.9,3.3,5,Higher Studies
STU2022-A573,29,2114,Other,Female,bachelor's degree,100011,4,3.7,7,Employed
STU2022-A574,28,1855,Other,Male,some high school,30246,3.5,3.2,5,Self-Employed
STU2022-A575,25,1864,Asian,Male,some college,68990,3.2,3,6,Employed
STU2022-A576,30,2099,Other,Male,some high school,44058,4,3.2,8,Higher Studies
STU2022-A577,32,2204,White,Male,some college,61511,4,3.2,5,Employed
STU2022-A578,32,2266,Asian,Male,some college,55909,4,3.4,4,Employed
STU2022-A579,28,1935,Asian,Female,high school,76499,3.6,3.2,5,Employed
STU2022-A580,24,1685,Black,Male,some high school,42246,3.1,3,6,Employed
STU2022-A581,30,2102,Other,Male,some high school,38675,3.9,3.4,5,Employed
STU2022-A582,32,2180,Other,Male,bachelor's degree,72370,4,3.7,4,Self-Employed
STU2022-A583,28,1934,Asian,Female,some high school,64746,3.7,3,5,Higher Studies
STU2022-A584,27,1923,Black,Male,high school,44380,3.6,3.5,5,Higher Studies
STU2022-A585,28,2103,Asian,Female,master's degree,95091,4,3.7,4,Employed
STU2022-A586,28,2013,Black,Male,high school,54189,3.7,3.3,4,Employed
STU2022-A587,29,2113,White,Female,some college,72302,4,3.5,8,Self-Employed
STU2022-A588,25,1934,White,Female,associate's degree,55311,3.4,3.5,3,Employed
STU2022-A589,32,2222,White,Female,associate's degree,62214,4,3.4,4,Employed
STU2022-A590,29,2044,White,Male,associate's degree,79376,3.8,3.6,8,Employed
STU2022-A591,27,1974,Other,Male,bachelor's degree,70771,3.5,3,6,Higher Studies
STU2022-A592,31,2070,Hispanic,Female,bachelor's degree,94779,4,3.5,4,Employed
STU2022-A593,25,1806,Other,Male,some college,76153,3.4,3.2,4,Higher Studies
STU2022-A594,26,1771,White,Female,high school,57030,3.3,3.2,4,Higher Studies
STU2022-A595,27,1960,White,Male,high school,47355,3.7,3.3,5,Employed
STU2022-A596,29,2111,White,Male,associate's degree,58606,4,3.4,5,Self-Employed
STU2022-A597,28,1981,White,Male,high school,68553,3.7,3.4,5,Self-Employed
STU2022-A598,29,2063,White,Male,some high school,78554,3.7,3.8,3,Employed
STU2022-A599,25,1937,Asian,Female,some high school,47676,3.6,3.3,5,Self-Employed
STU2022-A600,28,1989,Hispanic,Male,some high school,79527,3.6,3.3,4,Higher Studies
STU2022-A601,27,1957,Hispanic,Male,associate's degree,65536,3.7,3.4,4,Employed
STU2022-A602,30,1992,Black,Male,some high school,66121,3.8,3.2,7,Self-Employed
STU2022-A603,29,1938,Asian,Male,associate's degree,76536,3.7,3.2,8,Employed
STU2022-A604,31,2146,White,Male,high school,73118,4,3.3,7,Self-Employed
STU2022-A605,26,1871,Hispanic,Male,some college,47948,3.4,3.2,5,Higher Studies
STU2022-A606,32,2132,Asian,Female,some college,47343,4,3.6,5,Employed
STU2022-A607,27,1947,Black,Female,high school,50013,3.6,3.3,5,Self-Employed
STU2022-A608,31,2072,Asian,Male,high school,51642,3.9,3.5,4,Employed
STU2022-A609,28,2012,Hispanic,Female,some college,66896,3.7,3.6,3,Employed
STU2022-A610,32,2083,Asian,Female,bachelor's degree,89517,4,3.8,4,Employed
STU2022-A611,22,1598,Hispanic,Female,some college,73060,2.8,3,5,Employed
STU2022-A612,29,2018,Hispanic,Female,associate's degree,67213,3.7,3.3,4,Self-Employed
STU2022-A613,30,2060,Asian,Female,associate's degree,101694,3.8,3.8,3,Employed
STU2022-A614,32,2099,Hispanic,Male,some high school,68197,4,3.4,6,Employed
STU2022-A615,29,2016,White,Male,some high school,36428,3.8,3.2,5,Higher Studies
STU2022-A616,29,2095,Asian,Male,associate's degree,94662,4,3.9,6,Employed
STU2022-A617,29,2056,Asian,Female,associate's degree,79834,3.9,3.4,4,Self-Employed
STU2022-A618,27,1970,Black,Male,associate's degree,70870,3.5,3.3,6,Employed
STU2022-A619,35,2226,Other,Male,high school,81528,4,3.6,4,Employed
STU2022-A620,29,2041,Hispanic,Male,associate's degree,99695,3.9,3.6,6,Employed
STU2022-A621,27,1868,Hispanic,Male,some college,56722,3.5,3.3,4,Employed
STU2022-A622,29,2014,Black,Female,some college,56964,3.9,2.9,9,Employed
STU2022-A623,24,1888,Other,Male,bachelor's degree,66372,3.4,3.3,4,Employed
STU2022-A624,24,1733,Black,Male,associate's degree,47323,3.2,2.9,6,Employed
STU2022-A625,28,1956,White,Male,associate's degree,62151,3.6,3.4,4,Self-Employed
STU2022-A626,30,2056,Black,Male,high school,72235,3.9,3.4,5,Self-Employed
STU2022-A627,32,2136,Black,Female,some college,58269,4,3.7,3,Employed
STU2022-A628,28,1849,White,Female,high school,49161,3.4,3.5,5,Higher Studies
STU2022-A629,32,2170,Asian,Female,bachelor's degree,92676,4,3.6,4,Employed
STU2022-A630,28,1899,Hispanic,Female,high school,60887,3.6,3.4,8,Employed
STU2022-A631,30,2098,White,Male,associate's degree,53931,4,3.3,5,Employed
STU2022-A632,24,1748,White,Male,some college,89555,3.2,3.4,4,Higher Studies
STU2022-A633,30,2146,Black,Female,bachelor's degree,102741,4,3.5,4,Higher Studies
STU2022-A634,30,2087,Hispanic,Male,some college,51943,4,3.3,4,Employed
STU2022-A635,27,2048,Hispanic,Female,master's degree,89723,3.8,3.3,4,Higher Studies
STU2022-A636,28,1938,Black,Male,high school,56564,3.5,3.2,8,Employed
STU2022-A637,27,1978,White,Female,some college,74675,3.6,3.4,4,Higher Studies
STU2022-A638,30,2235,Hispanic,Male,bachelor's degree,75686,4,3.5,4,Higher Studies
STU2022-A639,26,1917,Asian,Female,some college,48630,3.5,3.3,5,Self-Employed
STU2022-A640,31,2086,Other,Female,associate's degree,79405,4,3.8,3,Higher Studies
STU2022-A641,27,1894,Hispanic,Male,some college,72324,3.6,3.6,3,Self-Employed
STU2022-A642,26,1969,Other,Male,some high school,57007,3.6,3.2,5,Employed
STU2022-A643,26,1872,White,Male,high school,30384,3.4,2.9,6,Employed
STU2022-A644,28,1914,Asian,Male,high school,44890,3.5,3.3,6,Employed
STU2022-A645,26,2004,Other,Male,bachelor's degree,83394,3.7,3.3,4,Employed
STU2022-A646,28,2003,Other,Female,bachelor's degree,64362,3.6,3.5,7,Employed
STU2022-A647,27,1896,Hispanic,Male,some high school,55887,3.6,3.1,7,Self-Employed
STU2022-A648,28,1897,Other,Male,high school,55399,3.5,3.2,4,Employed
STU2022-A649,30,1985,Black,Male,some college,81840,3.8,3.5,4,Higher Studies
STU2022-A650,27,1916,Black,Female,some college,67994,3.5,3.3,4,Higher Studies
STU2022-A651,32,2328,Hispanic,Female,bachelor's degree,59035,4,3.3,5,Higher Studies
STU2022-A652,26,1750,White,Male,some high school,45142,3.2,3.4,4,Self-Employed
STU2022-A653,30,2018,Other,Male,some high school,58297,3.9,3.3,7,Employed
STU2022-A654,29,2013,Hispanic,Male,high school,91228,3.7,3.4,4,Self-Employed
STU2022-A655,32,2075,Other,Male,associate's degree,61446,4,3.4,8,Self-Employed
STU2022-A656,25,1891,White,Female,some college,71120,3.4,3.2,4,Employed
STU2022-A657,30,2014,White,Male,some college,45340,3.9,3,6,Higher Studies
STU2022-A658,28,1938,Hispanic,Male,some high school,19452,3.7,2.9,6,Employed
STU2022-A659,30,2154,Asian,Female,high school,59045,4,3.6,4,Self-Employed
STU2022-A660,32,2111,Asian,Female,high school,82362,4,3.8,3,Higher Studies
STU2022-A661,31,2161,White,Male,associate's degree,92230,4,3.8,3,Higher Studies
STU2022-A662,29,2104,Black,Male,some college,81195,4,3.5,4,Employed
STU2022-A663,29,2042,Other,Male,master's degree,102364,3.9,3.2,7,Self-Employed
STU2022-A664,25,1854,Other,Male,high school,37021,3.3,2.8,9,Self-Employed
STU2022-A665,34,2250,Asian,Female,master's degree,86656,4,3.2,5,Higher Studies
STU2022-A666,28,1888,Asian,Male,high school,48701,3.7,3.2,5,Self-Employed
STU2022-A667,27,1931,Other,Female,some college,46610,3.7,3.1,6,Employed
STU2022-A668,30,2081,Black,Female,associate's degree,71530,3.9,3.6,3,Higher Studies
STU2022-A669,31,2016,Hispanic,Female,associate's degree,74128,3.9,3.3,5,Employed
STU2022-A670,29,2018,Asian,Female,some college,48783,3.9,3.4,7,Employed
STU2022-A671,36,2358,Asian,Female,master's degree,94092,4,3.7,7,Employed
STU2022-A672,31,2171,Hispanic,Male,some college,57107,4,3.5,4,Self-Employed
STU2022-A673,28,2055,Asian,Male,associate's degree,75310,3.8,3.7,5,Employed
STU2022-A674,27,1943,Hispanic,Female,some college,77835,3.7,3.2,9,Employed
STU2022-A675,24,1791,Asian,Female,master's degree,101397,3.2,3.3,4,Higher Studies
STU2022-A676,28,1925,Hispanic,Female,some high school,49750,3.6,3.3,8,Employed
STU2022-A677,21,1628,Asian,Male,some high school,36769,2.8,3.1,6,Self-Employed
STU2022-A678,28,2024,White,Male,bachelor's degree,80024,4,3.3,6,Employed
STU2022-A679,27,1934,Black,Female,some high school,71045,3.4,3.4,5,Employed
STU2022-A680,26,1855,White,Female,associate's degree,76883,3.5,3.5,8,Higher Studies
STU2022-A681,25,1880,Hispanic,Female,some high school,27165,3.3,3.1,5,Employed
STU2022-A682,27,1797,Hispanic,Female,some high school,55458,3.3,3.2,4,Self-Employed
STU2022-A683,33,2222,Other,Female,bachelor's degree,95449,4,3.6,4,Self-Employed
STU2022-A684,31,2053,Hispanic,Male,bachelor's degree,102696,4,3.6,8,Employed
STU2022-A685,26,1797,Hispanic,Male,some high school,55366,3.4,3.3,4,Self-Employed
STU2022-A686,32,2171,Black,Male,associate's degree,76111,4,3.4,5,Employed
STU2022-A687,26,1888,Asian,Male,some high school,42848,3.5,3.3,5,Employed
STU2022-A688,34,2185,Black,Male,high school,101013,4,3.6,6,Self-Employed
STU2022-A689,26,2007,Asian,Female,some high school,36811,3.7,3.3,8,Self-Employed
STU2022-A690,32,2165,Black,Female,bachelor's degree,74655,4,3.2,5,Employed
STU2022-A691,31,2135,White,Male,associate's degree,79017,4,3.6,4,Employed
STU2022-A692,31,2024,Hispanic,Male,some college,84826,4,3.7,7,Employed
STU2022-A693,35,2273,White,Male,master's degree,93051,4,3.8,5,Employed
STU2022-A694,27,2016,Black,Female,associate's degree,74430,3.9,3.5,5,Employed
STU2022-A695,28,1980,Hispanic,Male,some college,59923,3.8,2.9,7,Self-Employed
STU2022-A696,31,2081,Asian,Female,high school,75411,3.9,3.8,4,Unemployed
STU2022-A697,25,1852,Other,Female,bachelor's degree,93113,3.4,3.5,4,Higher Studies
STU2022-A698,29,2058,Black,Female,associate's degree,74172,4,3.4,7,Higher Studies
STU2022-A699,30,2017,Hispanic,Female,associate's degree,56874,3.9,3.3,4,Higher Studies
STU2022-A700,28,1954,Black,Female,associate's degree,89951,3.7,3.6,4,Self-Employed
STU2022-A701,31,2193,Other,Male,associate's degree,85118,4,3.6,8,Unemployed
STU2022-A702,34,2192,Asian,Female,some college,30934,4,3.5,6,Self-Employed
STU2022-A703,26,1969,Black,Male,high school,74692,3.7,3,7,Self-Employed
STU2022-A704,25,1747,Asian,Female,some high school,48398,3.2,3.2,5,Unemployed
STU2022-A705,27,1945,Hispanic,Male,high school,59506,3.5,3.5,7,Unemployed
STU2022-A706,26,1869,Other,Male,bachelor's degree,89105,3.5,3.5,6,Unemployed
STU2022-A707,26,1933,White,Female,some high school,53021,3.6,3.6,4,Self-Employed
STU2022-A708,29,1991,Hispanic,Male,high school,63309,3.8,3.2,7,Self-Employed
STU2022-A709,27,1913,Hispanic,Female,some high school,57252,3.6,3.5,3,Self-Employed
STU2022-A710,29,2049,Asian,Female,some high school,59398,3.8,3.4,4,Unemployed
STU2022-A711,33,2230,Hispanic,Female,some college,81075,4,3.6,4,Employed
STU2022-A712,32,2077,Hispanic,Male,some college,77575,4,3.2,8,Higher Studies
STU2022-A713,28,1971,Asian,Female,associate's degree,71186,3.8,3.4,4,Unemployed
STU2022-A714,29,2094,Other,Female,master's degree,91724,3.9,3.5,4,Higher Studies
STU2022-A715,27,1903,Other,Female,some high school,46053,3.5,3.3,5,Employed
STU2022-A716,28,2120,Black,Female,high school,38167,3.9,3.6,6,Unemployed
STU2022-A717,29,2107,Hispanic,Female,some college,42981,3.9,3.2,9,Higher Studies
STU2022-A718,27,1922,White,Male,high school,42724,3.5,3.1,6,Self-Employed
STU2022-A719,31,1998,Hispanic,Female,some high school,72599,3.9,3.1,7,Employed
STU2022-A720,28,2113,White,Male,some college,98997,4,3.8,3,Higher Studies
STU2022-A721,24,1739,Asian,Male,some high school,44323,3,2.6,9,Unemployed
STU2022-A722,31,2084,Hispanic,Male,master's degree,90239,4,3.5,5,Unemployed
STU2022-A723,31,2034,Asian,Female,associate's degree,102942,4,3.5,4,Employed
STU2022-A724,27,1980,Hispanic,Female,high school,53177,3.6,3.1,6,Employed
STU2022-A725,30,2028,White,Female,some college,73172,4,3.4,4,Unemployed
STU2022-A726,32,2006,Asian,Male,associate's degree,73173,4,3.3,6,Unemployed
STU2022-A727,28,2001,White,Male,some college,63108,3.8,3.5,5,Higher Studies
STU2022-A728,32,2159,Hispanic,Male,some college,59782,4,3.4,4,Self-Employed
STU2022-A729,28,1933,Other,Male,some high school,50333,3.6,3,5,Higher Studies
STU2022-A730,28,1960,Hispanic,Female,some high school,25347,3.5,3.1,5,Employed
STU2022-A731,29,2136,Hispanic,Male,associate's degree,94534,4,3.6,4,Self-Employed
STU2022-A732,32,2159,Other,Female,associate's degree,58995,4,3.6,4,Self-Employed
STU2022-A733,29,2021,Other,Male,bachelor's degree,107584,3.7,3.2,6,Employed
STU2022-A734,28,1895,Black,Male,some high school,46871,3.5,3.3,7,Self-Employed
STU2022-A735,32,2154,Other,Female,some college,70905,4,3.4,4,Higher Studies
STU2022-A736,29,2050,Asian,Male,associate's degree,49212,4,3.4,8,Higher Studies
STU2022-A737,30,2079,White,Male,some college,97216,4,3.7,5,Unemployed
STU2022-A738,30,1921,Hispanic,Female,high school,80039,3.7,3.4,8,Self-Employed
STU2022-A739,28,2094,Black,Female,master's degree,97638,3.9,3.6,6,Unemployed
STU2022-A740,22,1764,Black,Male,some high school,28149,3,3.1,5,Unemployed
STU2022-A741,30,2041,Asian,Female,some college,67357,3.8,3.2,5,Higher Studies
STU2022-A742,32,2141,White,Female,some college,68337,4,3.6,4,Unemployed
STU2022-A743,25,1958,Asian,Male,associate's degree,65779,3.4,3.4,5,Self-Employed
STU2022-A744,30,2171,Asian,Female,bachelor's degree,82445,4,3.5,6,Employed
STU2022-A745,31,2109,White,Female,high school,20293,3.9,3.3,5,Employed
STU2022-A746,23,1765,Hispanic,Male,high school,63831,3.2,3,9,Employed
STU2022-A747,23,1621,White,Female,high school,51278,3,3.1,5,Self-Employed
STU2022-A748,27,1864,White,Male,some high school,69211,3.3,3.1,4,Unemployed
STU2022-A749,27,1893,Hispanic,Female,some college,56630,3.3,3.2,4,Unemployed
STU2022-A750,28,2017,Other,Male,some college,62150,3.8,3.2,4,Self-Employed
STU2022-A751,26,1832,Hispanic,Male,some high school,28863,3.3,3,6,Unemployed
STU2022-A752,28,1976,White,Male,some high school,47700,3.6,3.1,7,Self-Employed
STU2022-A753,33,2279,Asian,Male,bachelor's degree,73979,4,3.5,4,Higher Studies
STU2022-A754,28,1869,Black,Female,some high school,61208,3.3,3.1,4,Self-Employed
STU2022-A755,26,1934,White,Male,some college,75008,3.6,3.2,5,Employed
STU2022-A756,27,1952,White,Female,some college,97194,3.5,3.4,4,Self-Employed
STU2022-A757,25,1851,Black,Female,some college,68296,3.4,3.1,5,Self-Employed
STU2022-A758,29,1979,Other,Male,associate's degree,74620,3.8,3.5,4,Employed
STU2022-A759,22,1711,Hispanic,Female,some college,65491,2.9,3.1,6,Self-Employed
STU2022-A760,30,2120,Hispanic,Female,some college,75846,4,3.3,6,Unemployed
STU2022-A761,27,1924,Black,Male,associate's degree,82191,3.6,3.5,4,Self-Employed
STU2022-A762,33,2248,Asian,Female,associate's degree,66233,4,3.7,6,Higher Studies
STU2022-A763,31,2037,White,Female,associate's degree,59896,3.9,3.3,4,Unemployed
STU2022-A764,29,2041,Black,Male,some high school,61264,3.8,3.6,6,Higher Studies
STU2022-A765,27,2010,Asian,Male,associate's degree,64341,3.7,3.3,5,Unemployed
STU2022-A766,31,2079,Asian,Male,bachelor's degree,70454,3.9,3.6,3,Self-Employed
STU2022-A767,28,1982,Asian,Male,associate's degree,69881,3.7,3.6,3,Self-Employed
STU2022-A768,25,1758,Black,Female,some high school,46564,3.2,2.8,6,Unemployed
STU2022-A769,28,1961,Asian,Male,some college,75540,3.8,3.2,6,Self-Employed
STU2022-A770,27,1959,Other,Male,some high school,54414,3.7,3.6,3,Employed
STU2022-A771,29,1981,White,Male,some college,83983,3.8,3.7,5,Higher Studies
STU2022-A772,30,2027,Other,Male,some college,35814,3.7,3.2,9,Self-Employed
STU2022-A773,30,1991,Asian,Female,high school,78999,3.8,3.4,9,Self-Employed
STU2022-A774,26,1758,White,Male,some college,54200,3.3,3.3,4,Self-Employed
STU2022-A775,28,2085,Black,Female,bachelor's degree,87107,3.8,3.4,4,Unemployed
STU2022-A776,27,1813,Asian,Male,some high school,41688,3.3,3.1,5,Higher Studies
STU2022-A777,32,2126,Asian,Female,master's degree,79024,4,3.7,3,Higher Studies
STU2022-A778,23,1702,Hispanic,Female,high school,53472,3,2.9,5,Unemployed
STU2022-A779,25,1843,Hispanic,Female,some high school,73667,3.2,3.2,4,Self-Employed
STU2022-A780,28,1941,White,Male,associate's degree,54945,3.7,3.5,3,Self-Employed
STU2022-A781,31,2051,Asian,Female,master's degree,85519,4,3.6,4,Higher Studies
STU2022-A782,30,2017,Hispanic,Female,some high school,79680,3.9,3.8,5,Higher Studies
STU2022-A783,24,1805,White,Female,some college,69015,3.3,3.5,3,Unemployed
STU2022-A784,27,1902,Other,Male,high school,71504,3.5,3.7,3,Unemployed
STU2022-A785,24,1820,Asian,Male,some college,73259,3.2,3.5,4,Employed
STU2022-A786,25,1816,Asian,Male,some high school,65988,3.3,2.9,5,Higher Studies
STU2022-A787,25,1749,Hispanic,Male,some high school,45852,3.1,3.3,4,Unemployed
STU2022-A788,27,1990,Black,Female,master's degree,112869,3.7,3.7,4,Higher Studies
STU2022-A789,33,2224,White,Female,master's degree,91722,4,4,3,Higher Studies
STU2022-A790,31,2121,Hispanic,Male,master's degree,72604,4,3.6,5,Unemployed
STU2022-A791,27,1860,Other,Female,some high school,43246,3.5,3.3,6,Self-Employed
STU2022-A792,28,1941,Black,Female,some high school,72922,3.6,3.5,4,Higher Studies
STU2022-A793,24,1772,Asian,Male,high school,30363,3.1,2.8,7,Self-Employed
STU2022-A794,34,2198,Asian,Male,associate's degree,56683,4,3.7,3,Unemployed
STU2022-A795,30,1996,Asian,Male,bachelor's degree,74939,3.9,3.3,4,Unemployed
STU2022-A796,28,2043,White,Female,some college,57005,3.7,3.4,5,Self-Employed
STU2022-A797,31,2056,Black,Male,some college,79877,4,3.3,5,Unemployed
STU2022-A798,36,2270,White,Male,associate's degree,50569,4,3.7,3,Employed
STU2022-A799,30,2093,Black,Male,associate's degree,83434,3.9,3.5,4,Unemployed
STU2022-A800,30,1951,White,Female,high school,57537,3.8,3.4,6,Employed
STU2022-A801,29,1944,Other,Female,some college,97086,3.8,3.4,4,Unemployed
STU2022-A802,27,2023,Hispanic,Male,bachelor's degree,48266,3.9,3.2,8,Self-Employed
STU2022-A803,23,1806,Asian,Male,some high school,86335,3.2,3.4,7,Employed
STU2022-A804,29,2015,Asian,Male,high school,60620,3.8,3.3,8,Higher Studies
STU2022-A805,29,1939,Other,Female,associate's degree,81465,3.8,3.5,4,Employed
STU2022-A806,27,1828,White,Female,high school,40029,3.4,3,6,Self-Employed
STU2022-A807,31,2200,Black,Male,some high school,53254,4,3.7,3,Unemployed
STU2022-A808,27,2051,Black,Female,some high school,38891,3.7,3.5,5,Higher Studies
STU2022-A809,27,1877,Asian,Male,some college,65190,3.6,3,6,Employed
STU2022-A810,31,2173,Other,Male,associate's degree,104267,4,3.5,6,Employed
STU2022-A811,26,2015,Hispanic,Male,some college,79807,3.7,3.7,3,Higher Studies
STU2022-A812,25,1797,Hispanic,Female,some high school,64254,3.3,3.2,4,Higher Studies
STU2022-A813,29,2089,Asian,Female,associate's degree,46093,3.9,3.4,5,Unemployed
STU2022-A814,33,2190,Hispanic,Female,master's degree,88066,4,3.8,5,Self-Employed
STU2022-A815,28,1913,Asian,Male,high school,72890,3.5,3,5,Higher Studies
STU2022-A816,30,2084,Asian,Male,master's degree,60542,4,3.3,5,Unemployed
STU2022-A817,28,1965,Hispanic,Male,some college,55937,3.8,3.2,6,Self-Employed
STU2022-A818,25,1924,Black,Female,some college,61445,3.5,3.4,3,Employed
STU2022-A819,30,2068,Black,Female,bachelor's degree,78028,3.9,3.3,4,Higher Studies
STU2022-A820,35,2366,Asian,Female,associate's degree,47287,4,3.5,5,Self-Employed
STU2022-A821,30,2058,White,Male,associate's degree,85006,4,3.5,5,Higher Studies
STU2022-A822,28,1972,Black,Female,high school,30155,3.6,3.5,4,Higher Studies
STU2022-A823,33,2183,Asian,Male,associate's degree,78059,4,3.6,8,Self-Employed
STU2022-A824,29,2112,White,Female,bachelor's degree,66927,3.9,3.5,4,Unemployed
STU2022-A825,25,1987,Other,Male,some college,71225,3.7,3.6,4,Employed
STU2022-A826,29,2111,Other,Male,some college,88025,3.9,3.6,4,Higher Studies
STU2022-A827,30,2165,White,Female,associate's degree,71615,4,3.5,8,Unemployed
STU2022-A828,28,1942,Other,Female,high school,46019,3.8,3.4,5,Self-Employed
STU2022-A829,27,2063,Hispanic,Male,master's degree,85553,4,3.7,3,Employed
STU2022-A830,20,1608,Asian,Female,some high school,22068,2.8,2.7,6,Self-Employed
STU2022-A831,27,1858,Other,Female,associate's degree,87625,3.4,3.7,3,Higher Studies
STU2022-A832,29,1953,Hispanic,Male,high school,47558,3.7,3.5,4,Unemployed
STU2022-A833,31,2147,Asian,Male,some college,58622,4,3.3,4,Unemployed
STU2022-A834,29,2010,Black,Male,high school,49923,3.8,3.4,6,Higher Studies
STU2022-A835,32,2133,Black,Female,some college,87530,4,3.6,4,Employed
STU2022-A836,32,2180,Asian,Male,some college,43207,4,3.4,5,Self-Employed
STU2022-A837,29,2088,Asian,Male,bachelor's degree,77766,3.9,3.4,8,Higher Studies
STU2022-A838,31,2107,Black,Male,some high school,52653,4,3.2,6,Self-Employed
STU2022-A839,31,2061,Asian,Male,master's degree,118989,3.9,3.5,4,Self-Employed
STU2022-A840,28,2028,Black,Female,high school,35836,3.6,3.3,9,Unemployed
STU2022-A841,28,1907,White,Male,high school,59330,3.6,2.9,9,Self-Employed
STU2022-A842,27,1862,Black,Female,high school,57643,3.5,3.1,5,Higher Studies
STU2022-A843,27,1887,White,Female,associate's degree,78450,3.5,3.4,4,Self-Employed
STU2022-A844,27,1848,Black,Male,high school,81577,3.4,3.4,4,Employed
STU2022-A845,26,1908,White,Female,some college,35642,3.5,3.2,8,Unemployed
STU2022-A846,32,2191,White,Female,some college,61567,4,3.2,5,Unemployed
STU2022-A847,30,2008,Asian,Male,some high school,54647,3.8,3,5,Unemployed
STU2022-A848,25,1722,White,Male,some high school,31233,3.1,2.7,10,Self-Employed
STU2022-A849,26,1938,Black,Female,some college,75639,3.6,3.1,5,Employed
STU2022-A850,27,1983,White,Male,high school,51832,3.6,3.1,6,Self-Employed
STU2022-A851,30,1951,Asian,Male,master's degree,91178,3.7,3.8,4,Employed
STU2022-A852,30,2096,White,Male,some college,75559,4,3.5,4,Unemployed
STU2022-A853,29,2009,White,Female,some college,76925,3.8,3.7,4,Higher Studies
STU2022-A854,27,1971,Black,Female,high school,65163,3.6,3.5,4,Unemployed
STU2022-A855,26,1698,Asian,Female,some high school,21693,3.1,2.8,6,Employed
STU2022-A856,26,1876,Black,Male,some college,60782,3.5,3.3,4,Employed
STU2022-A857,25,1809,Other,Male,high school,53205,3.2,3,5,Higher Studies
STU2022-A858,23,1693,Black,Female,some high school,67457,3.1,3.2,5,Unemployed
STU2022-A859,28,1857,Hispanic,Male,high school,90919,3.5,3.3,4,Self-Employed
STU2022-A860,30,2120,Other,Male,master's degree,84474,4,3.5,4,Self-Employed
STU2022-A861,30,2150,Hispanic,Male,master's degree,90677,3.9,3.7,4,Higher Studies
STU2022-A862,29,2018,Black,Male,some high school,37103,3.7,2.9,6,Employed
STU2022-A863,34,2349,White,Male,master's degree,96281,4,3.6,5,Unemployed
STU2022-A864,26,1806,Black,Female,high school,42594,3.2,3.3,5,Self-Employed
STU2022-A865,29,2042,White,Female,high school,53314,3.8,3.4,6,Unemployed
STU2022-A866,32,2230,Hispanic,Female,some college,87672,4,3.6,5,Higher Studies
STU2022-A867,29,2011,Asian,Male,master's degree,87878,3.7,3.6,3,Unemployed
STU2022-A868,30,2032,Asian,Female,high school,56946,3.9,3.5,4,Self-Employed
STU2022-A869,26,1965,Hispanic,Female,some high school,58196,3.6,3.2,4,Unemployed
STU2022-A870,32,2213,Other,Male,associate's degree,63353,4,3.4,5,Employed
STU2022-A871,25,1850,Black,Female,master's degree,94537,3.4,3.4,4,Self-Employed
STU2022-A872,25,1763,Asian,Male,some high school,52691,3.2,2.9,7,Employed
STU2022-A873,24,1858,Other,Male,associate's degree,70951,3.5,3.4,4,Higher Studies
STU2022-A874,28,2021,Black,Female,some college,66483,3.8,3.4,4,Self-Employed
STU2022-A875,30,2093,Hispanic,Male,associate's degree,84406,3.9,3.2,9,Self-Employed
STU2022-A876,29,1967,Asian,Male,some college,92666,3.7,3.5,4,Unemployed
STU2022-A877,28,2029,Asian,Female,bachelor's degree,86592,3.8,3.4,6,Self-Employed
STU2022-A878,28,1910,Hispanic,Female,associate's degree,64312,3.5,3.2,4,Higher Studies
STU2022-A879,29,2002,Other,Female,high school,39052,3.8,3,8,Unemployed
STU2022-A880,22,1708,Other,Male,some high school,62473,3,3.2,4,Employed
STU2022-A881,30,1944,Hispanic,Male,some college,66367,3.7,3.7,3,Employed
STU2022-A882,26,1823,Asian,Female,high school,73136,3.3,3.6,3,Higher Studies
STU2022-A883,27,1965,Other,Female,high school,50732,3.7,3.1,5,Unemployed
STU2022-A884,28,1949,Other,Female,some college,57523,3.8,3.3,5,Employed
STU2022-A885,26,1956,White,Male,some college,89273,3.5,3.4,4,Higher Studies
STU2022-A886,27,1822,Hispanic,Female,high school,64070,3.3,3.2,4,Higher Studies
STU2022-A887,30,2055,White,Female,high school,64220,3.9,3.5,4,Higher Studies
STU2022-A888,27,1921,White,Male,some high school,41526,3.6,3.4,4,Unemployed
STU2022-A889,34,2252,Black,Male,associate's degree,85873,4,3.3,8,Unemployed
STU2022-A890,24,1787,Asian,Female,some high school,80078,3.2,3,7,Employed
STU2022-A891,32,2130,White,Male,associate's degree,65608,4,3.8,3,Unemployed
STU2022-A892,26,1756,Hispanic,Female,high school,82890,3.1,3.2,4,Higher Studies
STU2022-A893,28,1876,Asian,Male,some high school,26765,3.5,3,6,Employed
STU2022-A894,24,1832,Hispanic,Male,some college,74517,3.2,2.8,5,Unemployed
STU2022-A895,28,1887,Asian,Female,some high school,70911,3.5,3.6,3,Higher Studies
STU2022-A896,34,2028,White,Female,high school,34307,4,3.4,5,Employed
STU2022-A897,29,2071,Hispanic,Female,associate's degree,76588,4,3.5,4,Employed
STU2022-A898,31,2262,White,Female,high school,67931,4,3.9,3,Unemployed
STU2022-A899,26,1864,White,Female,some high school,69374,3.3,3.2,4,Employed
STU2022-A900,31,2171,Hispanic,Male,bachelor's degree,74624,4,3.6,6,Higher Studies
STU2022-A901,26,1915,Asian,Female,some college,47708,3.4,3.3,5,Unemployed
STU2022-A902,31,2110,Asian,Female,some college,86905,4,3.7,4,Higher Studies
STU2022-A903,23,1730,White,Female,some college,79088,3.1,3.2,4,Self-Employed
STU2022-A904,24,1770,Black,Female,some high school,67819,3.2,2.9,5,Unemployed
STU2022-A905,27,1880,Other,Female,high school,48219,3.4,3.2,5,Unemployed
STU2022-A906,22,1632,White,Male,some college,86108,3,3.2,4,Self-Employed
STU2022-A907,27,1894,White,Female,some college,64409,3.6,3.2,8,Employed
STU2022-A908,28,1979,Other,Female,some college,46444,3.7,3.2,6,Employed
STU2022-A909,24,1851,Black,Female,bachelor's degree,63769,3.4,3.2,4,Higher Studies
STU2022-A910,29,2097,Other,Male,associate's degree,69144,3.9,3.2,6,Self-Employed
STU2022-A911,26,1937,Asian,Female,associate's degree,77075,3.7,3.1,5,Self-Employed
STU2022-A912,26,1918,White,Male,associate's degree,84055,3.5,3.1,5,Self-Employed
STU2022-A913,31,2111,Other,Male,associate's degree,72953,4,3.3,5,Higher Studies
STU2022-A914,31,2098,Other,Male,associate's degree,64111,4,3.2,6,Self-Employed
STU2022-A915,27,2008,Other,Female,bachelor's degree,98627,3.7,3.6,3,Higher Studies
STU2022-A916,29,2069,White,Male,associate's degree,56945,3.9,3.4,4,Employed
STU2022-A917,24,1806,Hispanic,Female,high school,39618,3.2,3,6,Unemployed
STU2022-A918,27,1796,Hispanic,Male,high school,83890,3.4,3.4,4,Unemployed
STU2022-A919,32,2207,Hispanic,Female,master's degree,85878,4,3.6,4,Higher Studies
STU2022-A920,23,1782,Asian,Female,some high school,46944,3.2,3.1,5,Unemployed
STU2022-A921,28,2086,White,Female,some college,51907,3.9,3.1,5,Employed
STU2022-A922,22,1681,Black,Female,some college,56351,3,3.4,3,Employed
STU2022-A923,33,2141,Black,Male,associate's degree,80407,4,3.6,4,Unemployed
STU2022-A924,30,1982,Black,Female,high school,36619,3.8,3.3,8,Employed
STU2022-A925,27,2033,Asian,Female,associate's degree,83212,3.7,3.7,3,Employed
STU2022-A926,32,2244,Black,Female,associate's degree,78061,4,3.6,4,Unemployed
STU2022-A927,27,1982,White,Male,associate's degree,70118,3.7,3.4,5,Self-Employed
STU2022-A928,33,2238,Hispanic,Male,some college,74347,4,3.9,3,Unemployed
STU2022-A929,20,1694,Hispanic,Female,associate's degree,80617,3,3.3,4,Employed
STU2022-A930,28,1971,Asian,Female,high school,61184,3.6,3.3,4,Employed
STU2022-A931,26,1848,Asian,Female,high school,48558,3.4,3.3,5,Higher Studies
STU2022-A932,24,1800,Other,Female,associate's degree,84093,3.3,3.2,4,Unemployed
STU2022-A933,29,2129,Other,Male,high school,52549,3.9,3.3,4,Employed
STU2022-A934,29,1910,White,Female,high school,44729,3.8,3.3,5,Unemployed
STU2022-A935,32,2238,Hispanic,Male,master's degree,72474,4,3.8,3,Higher Studies
STU2022-A936,34,2363,Other,Male,master's degree,77473,4,3.3,5,Employed
STU2022-A937,32,2143,White,Male,high school,56364,4,3.6,3,Unemployed
STU2022-A938,31,2134,White,Female,bachelor's degree,72768,4,3.4,5,Self-Employed
STU2022-A939,27,1895,Black,Female,some high school,46295,3.5,3.4,4,Self-Employed
STU2022-A940,29,2013,Hispanic,Male,some high school,49006,3.9,3.1,7,Unemployed
STU2022-A941,26,1943,Other,Female,some high school,33333,3.5,3.3,5,Higher Studies
STU2022-A942,28,2004,Other,Male,master's degree,90072,3.8,3.6,4,Higher Studies
STU2022-A943,30,1967,White,Male,high school,85359,3.9,3.7,5,Self-Employed
STU2022-A944,33,2225,Asian,Male,associate's degree,81539,4,3.5,4,Higher Studies
STU2022-A945,32,2171,Hispanic,Female,master's degree,58603,4,3.6,4,Higher Studies
STU2022-A946,27,1853,Hispanic,Female,high school,72142,3.5,3.1,5,Higher Studies
STU2022-A947,31,2092,Black,Female,bachelor's degree,80059,3.9,3.3,4,Higher Studies
STU2022-A948,25,1901,Black,Male,bachelor's degree,79227,3.5,3,6,Self-Employed
STU2022-A949,34,2226,Asian,Male,high school,53749,4,3.7,5,Self-Employed
STU2022-A950,31,2193,White,Male,bachelor's degree,71108,4,3.5,4,Higher Studies
STU2022-A951,34,2251,Black,Male,associate's degree,82072,4,3.8,3,Employed
STU2022-A952,31,2075,Hispanic,Male,high school,34111,3.9,3.2,6,Self-Employed
STU2022-A953,29,2031,Hispanic,Female,associate's degree,63286,3.8,3.2,7,Self-Employed
STU2022-A954,27,1918,Black,Male,high school,62234,3.5,3.2,5,Employed
STU2022-A955,28,2035,White,Male,some college,80320,3.9,3.6,5,Employed
STU2022-A956,29,2005,Hispanic,Male,high school,52549,3.7,3.6,7,Employed
STU2022-A957,28,1930,White,Male,some high school,42407,3.7,3.1,5,Higher Studies
STU2022-A958,30,1985,Other,Male,high school,52614,3.7,3.5,3,Higher Studies
STU2022-A959,32,2015,Black,Male,some college,82577,4,3.4,6,Higher Studies
STU2022-A960,26,1737,Hispanic,Female,some college,79784,3.3,2.9,7,Unemployed
STU2022-A961,32,2160,Other,Female,high school,38335,4,3.8,4,Unemployed
STU2022-A962,33,2076,Other,Male,some high school,31912,4,3.3,5,Higher Studies
STU2022-A963,29,1959,Hispanic,Male,some college,63813,3.7,3.3,5,Higher Studies
STU2022-A964,29,2007,Hispanic,Female,bachelor's degree,66357,3.9,3.4,4,Self-Employed
STU2022-A965,30,2021,Black,Male,associate's degree,59004,3.9,3.3,5,Higher Studies
STU2022-A966,30,2050,Asian,Female,some high school,76968,3.9,3.5,4,Unemployed
STU2022-A967,30,2067,Asian,Male,high school,35618,3.8,3.3,7,Self-Employed
STU2022-A968,35,2385,Black,Female,master's degree,80609,4,3.6,4,Higher Studies
STU2022-A969,28,1988,Black,Female,some high school,59903,3.8,3.5,5,Higher Studies
STU2022-A970,33,2314,Other,Female,master's degree,100428,4,3.8,4,Self-Employed
STU2022-A971,31,2126,Other,Female,some high school,66851,3.9,3.3,5,Higher Studies
STU2022-A972,31,2083,White,Female,bachelor's degree,81636,4,3.6,4,Unemployed
STU2022-A973,32,2298,White,Female,some college,59984,4,3.5,4,Employed
STU2022-A974,27,1850,Hispanic,Male,associate's degree,44588,3.5,3.5,4,Employed
STU2022-A975,31,2121,Black,Female,master's degree,89924,4,3.4,6,Employed
STU2022-A976,25,1808,Black,Male,some high school,49546,3.3,3.4,6,Employed
STU2022-A977,27,1941,Other,Female,high school,75373,3.7,3.3,4,Unemployed
STU2022-A978,26,1927,Other,Female,some high school,43886,3.5,3.4,4,Higher Studies
STU2022-A979,29,2040,Asian,Male,master's degree,85883,3.8,3.3,6,Unemployed
STU2022-A980,29,1965,Hispanic,Male,some high school,53011,3.6,3.1,5,Employed
STU2022-A981,29,2032,White,Male,some high school,31567,3.8,3,6,Self-Employed
STU2022-A982,31,2144,Other,Male,associate's degree,75148,4,3.4,6,Employed
STU2022-A983,28,1893,Asian,Female,high school,73083,3.5,3.2,8,Self-Employed
STU2022-A984,31,1993,Asian,Male,associate's degree,67003,3.9,3.4,4,Employed
STU2022-A985,31,2126,Hispanic,Male,bachelor's degree,81538,4,3.5,6,Employed
STU2022-A986,31,2083,White,Female,some high school,50718,4,3.2,5,Employed
STU2022-A987,29,2018,Hispanic,Male,some college,56317,3.9,3.2,6,Higher Studies
STU2022-A988,31,2049,Black,Female,master's degree,84720,4,3.8,5,Unemployed
STU2022-A989,24,1818,White,Female,some college,55436,3.1,3.3,4,Self-Employed
STU2022-A990,29,1977,Hispanic,Female,associate's degree,61542,3.6,3.3,4,Employed
STU2022-A991,28,1950,White,Female,some high school,42932,3.7,3.3,5,Self-Employed
STU2022-A992,31,2146,Asian,Male,high school,51450,4,3.6,3,Self-Employed
STU2022-A993,25,1809,Black,Male,some college,53982,3.3,3,5,Unemployed
STU2022-A994,28,1875,Hispanic,Male,some college,50275,3.4,3.3,6,Unemployed
STU2022-A995,23,1729,Other,Male,some college,84008,3.1,3.2,4,Employed
STU2022-A996,33,2133,Hispanic,Male,associate's degree,68917,4,3.3,6,Unemployed
STU2022-A997,27,1959,Asian,Male,some college,64516,3.7,3.5,3,Unemployed
STU2022-A998,27,1895,Other,Male,some high school,39502,3.5,3.1,7,Self-Employed
STU2022-A999,30,2026,Other,Female,high school,53769,3.8,3.2,6,Higher Studies
STU2022-A1000,28,1956,Other,Female,high school,25617,3.7,3,6,Employed
STU2022-A1001,32,2089,White,Female,some college,56364,4,3.2,5,Self-Employed
STU2022-A1002,34,2349,White,Female,master's degree,109654,4,3.8,4,Unemployed
STU2022-A1003,29,1981,Asian,Female,some college,59565,3.8,3.3,4,Self-Employed
STU2022-A1004,27,1911,Hispanic,Female,associate's degree,59688,3.5,3.3,4,Self-Employed
STU2022-A1005,32,2205,White,Female,high school,60466,4,3.6,4,Unemployed
STU2022-A1006,28,1929,Asian,Male,some college,81427,3.5,3.2,4,Self-Employed
STU2022-A1007,25,1869,White,Male,master's degree,87517,3.3,3.3,5,Employed
STU2022-A1008,31,2204,Black,Male,bachelor's degree,50665,4,3.4,4,Unemployed
STU2022-A1009,31,2150,Asian,Male,high school,40013,4,3.4,6,Unemployed
STU2022-A1010,27,1897,Hispanic,Female,master's degree,97789,3.6,3.7,3,Unemployed
STU2022-A1011,31,2079,Black,Female,associate's degree,61450,4,3.6,4,Unemployed
STU2022-A1012,28,1960,White,Male,some college,77952,3.8,2.9,8,Employed
STU2022-A1013,29,1958,Hispanic,Female,some college,70174,3.6,3.6,3,Employed
STU2022-A1014,27,1965,Other,Female,high school,51953,3.5,3.5,3,Unemployed
STU2022-A1015,27,1943,Black,Male,bachelor's degree,82909,3.6,3.4,7,Higher Studies
STU2022-A1016,25,1956,White,Male,some college,64730,3.5,3.1,6,Higher Studies
STU2022-A1017,28,1892,Black,Female,associate's degree,65464,3.6,3.4,5,Higher Studies
STU2022-A1018,23,1783,Asian,Male,high school,43626,3.1,3,6,Self-Employed
STU2022-A1019,30,2032,Black,Male,some college,43995,4,3.2,6,Self-Employed
STU2022-A1020,29,2073,White,Female,some high school,66481,3.8,3.1,5,Unemployed
STU2022-A1021,35,2318,Asian,Female,bachelor's degree,52589,4,3.4,5,Unemployed
STU2022-A1022,28,2084,Other,Male,bachelor's degree,83638,3.9,3.3,5,Employed
STU2022-A1023,28,1860,Hispanic,Male,some high school,64459,3.6,2.9,8,Unemployed
STU2022-A1024,27,1900,Other,Female,high school,68541,3.4,3.3,4,Higher Studies
STU2022-A1025,30,2059,Black,Female,associate's degree,71283,4,3.8,3,Unemployed
STU2022-A1026,28,2065,White,Female,bachelor's degree,93133,3.8,3.2,5,Unemployed
STU2022-A1027,28,1994,Asian,Male,associate's degree,56549,3.7,3.7,4,Unemployed
STU2022-A1028,25,1826,Other,Male,bachelor's degree,84786,3.3,3.2,4,Employed
STU2022-A1029,27,1888,White,Female,some college,67528,3.5,3.3,4,Higher Studies
STU2022-A1030,32,2259,Black,Female,master's degree,110514,4,4,4,Higher Studies
STU2022-A1031,31,2006,Asian,Male,some high school,79454,3.9,3.6,6,Higher Studies
STU2022-A1032,27,1899,Asian,Female,associate's degree,72260,3.5,3.2,4,Unemployed
STU2022-A1033,30,2125,White,Female,some college,91690,4,3.4,5,Higher Studies
STU2022-A1034,30,2148,Hispanic,Female,associate's degree,103454,4,3.9,4,Employed
STU2022-A1035,26,1908,Black,Male,some college,79534,3.5,3.2,5,Higher Studies
STU2022-A1036,30,2048,Asian,Male,some college,50812,4,3.2,7,Employed
STU2022-A1037,26,1918,Asian,Male,some college,82517,3.6,3.4,4,Employed
STU2022-A1038,33,2222,Asian,Male,high school,65458,4,3.6,4,Self-Employed
STU2022-A1039,26,1801,Other,Male,some high school,33454,3.3,2.8,6,Self-Employed
STU2022-A1040,31,2059,Other,Male,some high school,44034,4,3.4,5,Higher Studies
STU2022-A1041,27,1858,Black,Female,some college,26848,3.3,3.1,6,Self-Employed
STU2022-A1042,31,2024,Black,Female,bachelor's degree,84455,3.9,3.5,4,Higher Studies
STU2022-A1043,30,1982,Black,Male,high school,75946,3.8,3.3,4,Unemployed
STU2022-A1044,33,2298,White,Male,associate's degree,63096,4,3.5,7,Unemployed
STU2022-A1045,26,1907,Other,Female,associate's degree,80839,3.5,3.1,5,Higher Studies
STU2022-A1046,28,2026,Other,Female,master's degree,108037,3.9,3.4,8,Higher Studies
STU2022-A1047,30,2150,Black,Male,high school,48393,4,3.5,5,Higher Studies
STU2022-A1048,30,2116,Hispanic,Male,some high school,49348,4,3.4,5,Unemployed
STU2022-A1049,26,1884,Black,Female,high school,44485,3.4,3.3,5,Higher Studies
STU2022-A1050,30,2079,White,Female,master's degree,98252,4,3.6,6,Self-Employed
STU2022-A1051,29,2143,White,Male,some college,80679,3.9,3.4,5,Employed
STU2022-A1052,34,2282,Other,Male,master's degree,83338,4,3.3,5,Higher Studies
STU2022-A1053,27,1873,Asian,Male,some high school,55105,3.3,3.3,6,Employed
STU2022-A1054,29,2155,Black,Male,associate's degree,85153,4,3.4,9,Employed
STU2022-A1055,28,1964,Hispanic,Female,high school,39663,3.6,3.3,6,Unemployed
STU2022-A1056,25,1763,Other,Female,some high school,63280,3.2,3.1,7,Higher Studies
STU2022-A1057,30,2193,Hispanic,Male,some college,48459,4,3,7,Employed
STU2022-A1058,31,2115,Hispanic,Female,associate's degree,59131,4,3.5,6,Unemployed
STU2022-A1059,34,2108,Hispanic,Female,high school,86692,4,4,3,Higher Studies
STU2022-A1060,27,1817,Other,Male,some high school,48466,3.3,3.2,9,Unemployed
STU2022-A1061,32,2164,Black,Male,high school,74259,4,3.5,4,Self-Employed
STU2022-A1062,34,2282,White,Female,bachelor's degree,48097,4,3.6,7,Self-Employed
STU2022-A1063,31,2169,Hispanic,Female,master's degree,97545,4,3.5,5,Self-Employed
STU2022-A1064,25,1861,Other,Male,associate's degree,68765,3.4,3.3,4,Unemployed
STU2022-A1065,32,2126,Hispanic,Male,high school,71585,4,3,6,Higher Studies
STU2022-A1066,24,1889,White,Male,some high school,64787,3.4,3.2,4,Self-Employed
STU2022-A1067,32,2219,White,Male,associate's degree,83758,4,3.7,4,Unemployed
STU2022-A1068,28,1965,White,Female,associate's degree,78461,3.7,3.3,4,Unemployed
STU2022-A1069,33,2225,Black,Male,associate's degree,77779,4,3.9,4,Higher Studies
STU2022-A1070,28,1910,Asian,Female,some high school,66871,3.7,3.2,7,Higher Studies
STU2022-A1071,30,2129,Other,Female,some college,40394,4,3.1,6,Self-Employed
STU2022-A1072,29,1968,Hispanic,Male,high school,46521,3.7,3.3,5,Employed
STU2022-A1073,28,1983,Other,Male,associate's degree,62703,3.5,3.5,4,Employed
STU2022-A1074,22,1834,Asian,Female,some high school,79630,3.2,3.4,4,Employed
STU2022-A1075,27,1897,Black,Male,high school,81054,3.5,3.5,6,Unemployed
STU2022-A1076,34,2323,Asian,Female,master's degree,89141,4,3.7,4,Unemployed
STU2022-A1077,32,2098,Asian,Male,some college,42566,4,3.3,8,Self-Employed
STU2022-A1078,28,1887,Hispanic,Female,associate's degree,63006,3.5,3.2,6,Higher Studies
STU2022-A1079,31,2044,White,Female,associate's degree,94412,3.9,3.8,7,Self-Employed
STU2022-A1080,27,1852,White,Male,some high school,55093,3.5,3.1,6,Self-Employed
STU2022-A1081,32,2155,White,Female,high school,18906,4,3.5,8,Employed
STU2022-A1082,29,1988,Asian,Female,bachelor's degree,81961,3.7,3.4,6,Higher Studies
STU2022-A1083,30,2109,Other,Male,bachelor's degree,98623,4,3.6,4,Self-Employed
STU2022-A1084,33,2204,Asian,Male,high school,61916,4,3.6,6,Higher Studies
STU2022-A1085,30,1981,Asian,Male,bachelor's degree,72572,3.7,3.6,3,Self-Employed
STU2022-A1086,25,1750,Other,Female,high school,78459,3.3,3.5,4,Higher Studies
STU2022-A1087,28,1908,Hispanic,Female,some high school,54293,3.5,3.2,5,Employed
STU2022-A1088,26,1865,Black,Male,some high school,40267,3.4,2.9,8,Higher Studies
STU2022-A1089,28,2000,Black,Female,high school,75673,3.9,3.4,6,Higher Studies
STU2022-A1090,31,2102,White,Male,some college,85721,4,3.5,6,Employed
STU2022-A1091,27,1945,Black,Female,high school,48537,3.5,3.3,6,Higher Studies
STU2022-A1092,28,1927,White,Male,high school,58702,3.6,3.3,4,Self-Employed
STU2022-A1093,28,2000,Other,Male,bachelor's degree,70816,3.7,3.3,6,Unemployed
STU2022-A1094,31,2118,Other,Male,some college,68920,4,3.3,5,Self-Employed
STU2022-A1095,31,2204,Other,Female,some college,73901,4,3.7,5,Employed
STU2022-A1096,28,2123,Hispanic,Female,master's degree,82476,4,3.6,4,Self-Employed
STU2022-A1097,27,1885,White,Female,some high school,54088,3.6,3,5,Higher Studies
STU2022-A1098,29,2015,Black,Male,high school,96832,3.6,3.4,6,Self-Employed
STU2022-A1099,34,2374,Asian,Male,bachelor's degree,50925,4,3.8,3,Higher Studies
STU2022-A1100,31,2085,White,Male,bachelor's degree,38866,4,3.3,5,Self-Employed
STU2022-A1101,26,1817,Other,Female,some college,92025,3.3,3.6,4,Unemployed
STU2022-A1102,28,1976,Asian,Male,high school,57798,3.7,3.5,4,Employed
STU2022-A1103,31,2033,Black,Female,master's degree,77510,3.9,3.3,4,Unemployed
STU2022-A1104,30,2074,Hispanic,Female,high school,43020,3.8,3.1,6,Unemployed
STU2022-A1105,34,2246,Hispanic,Female,some college,57397,4,3.1,5,Higher Studies
STU2022-A1106,28,2028,Black,Female,some high school,68442,3.8,3.4,8,Higher Studies
STU2022-A1107,24,1757,Other,Male,some high school,48225,3.1,3.3,4,Higher Studies
STU2022-A1108,24,1804,Other,Male,high school,72775,3.1,2.9,5,Employed
STU2022-A1109,26,1899,Other,Female,high school,57917,3.3,3.2,5,Self-Employed
STU2022-A1110,25,1968,Black,Male,associate's degree,78025,3.6,3.5,5,Self-Employed
STU2022-A1111,30,2023,Hispanic,Male,some college,63872,3.9,3.6,4,Self-Employed
STU2022-A1112,26,1896,Hispanic,Male,master's degree,92667,3.5,3.6,3,Self-Employed
STU2022-A1113,33,2233,Asian,Male,some college,60098,4,3.4,4,Unemployed
STU2022-A1114,28,1849,Hispanic,Male,some college,29641,3.5,2.9,6,Employed
STU2022-A1115,32,2250,Hispanic,Female,some college,75126,4,3.7,7,Unemployed
STU2022-A1116,26,1819,White,Female,high school,56416,3.3,3.4,5,Higher Studies
STU2022-A1117,33,2157,Black,Male,associate's degree,51253,4,3.7,3,Self-Employed
STU2022-A1118,30,2177,White,Female,associate's degree,75373,4,3.4,5,Employed
STU2022-A1119,26,1850,Asian,Male,some college,62873,3.3,3.2,4,Unemployed
STU2022-A1120,33,2165,Black,Male,high school,84996,4,3.6,5,Unemployed
STU2022-A1121,28,2054,Hispanic,Male,bachelor's degree,88598,3.8,3.3,5,Unemployed
STU2022-A1122,25,1738,Black,Female,high school,66814,3.2,3.2,6,Self-Employed
STU2022-A1123,31,2166,Black,Male,bachelor's degree,72184,4,3.3,4,Self-Employed
STU2022-A1124,27,2039,Asian,Male,bachelor's degree,76601,3.9,3.6,6,Employed
STU2022-A1125,28,2018,Black,Male,some college,72571,3.9,3.4,4,Unemployed
STU2022-A1126,27,1901,Other,Male,associate's degree,64516,3.4,3.5,3,Self-Employed
STU2022-A1127,28,1894,Hispanic,Male,some high school,57339,3.7,3.2,4,Employed
STU2022-A1128,28,1900,Hispanic,Female,associate's degree,71645,3.6,3.4,4,Higher Studies
STU2022-A1129,30,2071,Hispanic,Male,bachelor's degree,83717,3.9,3.5,4,Unemployed
STU2022-A1130,33,2213,Asian,Male,associate's degree,63932,4,3.6,5,Higher Studies
STU2022-A1131,29,2137,Hispanic,Male,bachelor's degree,80557,4,2.8,7,Unemployed
STU2022-A1132,30,2035,Black,Female,associate's degree,83803,4,3.7,4,Employed
STU2022-A1133,28,2068,Asian,Male,some high school,67571,3.8,3.4,6,Unemployed
STU2022-A1134,29,1938,Asian,Male,high school,56982,3.8,3.4,5,Unemployed
STU2022-A1135,25,1786,Black,Female,associate's degree,60544,3.2,3.1,7,Self-Employed
STU2022-A1136,29,2006,White,Male,high school,38779,3.8,3.2,5,Self-Employed
STU2022-A1137,30,2042,Asian,Female,some college,35706,3.9,3.2,5,Self-Employed
STU2022-A1138,30,2126,Hispanic,Female,master's degree,112920,4,3.5,5,Higher Studies
STU2022-A1139,30,2207,Hispanic,Male,bachelor's degree,77114,4,3.3,5,Unemployed
STU2022-A1140,26,1846,Hispanic,Male,some college,77271,3.4,3.4,8,Higher Studies
STU2022-A1141,31,2163,Other,Female,some college,76445,4,3.3,5,Employed
STU2022-A1142,28,1924,Black,Female,some high school,44724,3.6,2.9,6,Unemployed
STU2022-A1143,29,1985,Other,Female,bachelor's degree,65944,3.8,3.3,4,Higher Studies
STU2022-A1144,33,2149,Black,Male,high school,53977,4,3.6,5,Higher Studies
STU2022-A1145,31,2112,Other,Female,bachelor's degree,97815,4,3.4,6,Unemployed
STU2022-A1146,31,2080,Black,Female,some college,63996,4,3.6,3,Self-Employed
STU2022-A1147,32,2155,Black,Female,associate's degree,62304,4,3.4,5,Self-Employed
STU2022-A1148,26,1837,Hispanic,Male,high school,71226,3.4,3.2,5,Employed
STU2022-A1149,28,2002,Other,Female,bachelor's degree,79155,3.8,3.1,7,Self-Employed
STU2022-A1150,34,2242,White,Female,high school,89887,4,3.8,4,Self-Employed
STU2022-A1151,33,2171,Other,Female,associate's degree,59147,4,3.4,5,Higher Studies
STU2022-A1152,32,2234,Asian,Male,some college,30658,4,3,10,Higher Studies
STU2022-A1153,27,1930,Asian,Male,some college,59443,3.6,3.2,4,Employed
STU2022-A1154,32,2117,White,Male,associate's degree,94415,4,3.8,4,Unemployed
STU2022-A1155,32,2034,White,Female,some high school,31713,3.9,3.2,8,Higher Studies
STU2022-A1156,34,2268,Asian,Male,bachelor's degree,93832,4,3.8,6,Higher Studies
